Home,Road,line,linesag,linepz,lineARGH,linekam,lineavg,linepig,linens,linecpa,lineexcel,linemore,linedunk,linecpar,linepyth,lineelo,lineeff,linetrexler,linel2,linefolk,linel1,linel2h,linefox,lineca,linebihl,linegrid,linesage,linesagp,linejfm,lineimes,lineopen,lineupset,lineself,linejohns,linegrn,linecoff,linensr,lineesp,linereister,linetsr,linetsrslots,linelog,linestrength,linebenson,linemed,linekerns,linejens,lineash,linehollo,lineburd,linemrr,linedok,linetsrelo,linest,linecovers,lineherald,linewhatif,linewann,linetsr4,linedwig,linejwilson,linegametime,linecover81,linecrunch,linegpa,linelinx,linecombo,linegirl,linestd,week,hscore,rscore
Atlanta,Detroit,-3,1.88,4.08,1,-0.46,-1.1,1,1.46,-1.94,,2.25,1.47,-1.88,-0.01,-2.67,0.36,-2,-6.5,,-14.83,0.8,1,-3,,-1.5,1.88,1.88,1.79,4.47,-1,-1,,,,,3.75,-2,3,,,-3.7,,-11.72,0,-8,-1.2,2,-3,4.9,1.99,-2.34,,0.4,0,-3.1,,-5.44,,-4.1,0.7,-3,-4.5,-1.85,1,,,,2.7475626846,1,34,21
Baltimore,Cincinnati,-1.5,3.31,2.8,3,0.57,0.17,0.01,-1.53,-0.36,,2.25,2.72,-0.08,-2.05,-2.58,-0.43,-2,-4.35,,1.17,-5.21,1,-1.5,,2,3.31,3.31,-0.76,7.84,1,-5,,,,,2.33,-1.1,-2,,,-2.63,,-11.47,0.62,1.3,0.4,1,-0.1,-2,0.62,-0.01,,3.6,0.8,-1.4,,-1.83,,2,-1.2,1,1,-3.51,4,,,,2.2481902892,1,17,10
Buffalo,Seattle,1,0.61,-1.06,2,1.27,-1.66,-2,-4.37,-4.06,,2.25,-2.04,-3.78,-7.14,-2.68,-3.44,-4,-1.9,,-0.48,-10.52,-3,0.5,,-1,0.61,0.61,-1.05,4.69,0,-10,,,,,-2.6,0.6,-1,,,1.96,,2.04,-1.2,-11.6,0.2,-2,-3.85,-2.3,-1.86,1.62,,-1.1,2.1,-1.2,,-4.66,,-0.1,-1.2,2,-7,-1.11,-3,,,,3.0811191247,1,34,10
Cleveland,Dallas,-5.5,-4.2,-5.13,-3,-6.03,-3.32,-2,-0.54,-3.94,,2.25,1.09,-3.67,-1.46,-1.71,-0.35,-3,-4.48,,-3.08,-0.97,1,-5,,-0.5,-4.2,-4.2,-0.26,-1.7,-3,-4,,,,,-5.72,-2.5,-6,,,-5.41,,-13.99,-2.9,-21.1,-0.4,-4,-3.9,5.1,0.52,-2.87,,-8.8,-2.7,-1.6,,-8.25,,-2.9,-2.3,1,-8,-7.17,1,,,,4.2705196764,1,10,28
Green Bay,Minnesota,2.5,6.56,4.39,5,10.91,4.61,1,8.97,-0.16,,2.25,0.32,0.12,6.56,5.9,5.54,6,3.77,,6.82,8.03,6,3,,-1.5,6.56,6.56,7.55,6.44,3,-6,,,,,6.87,1.3,5,,,2,,13.02,5,8.3,2.3,4,6.85,9.8,3.61,7.11,,-0.8,3.8,-3.7,,6.14,,1.6,5.8,5,0.01,4.97,5,,,,3.223273669,1,24,19
Indianapolis,Chicago,10,10.01,10.04,5,8.63,8.91,11,9.44,7.59,,2.25,7.69,7.72,11.55,5.96,9.13,11,8.1,,5.89,-7.26,13,10,,5,10.01,10.01,8.73,4.9,9.5,13,,,,,13.62,5.1,7,,,4.16,,9.69,8.63,18.8,2.3,8,14.1,3.2,7.23,5.75,,3.2,13.2,7.3,,13.53,,6.6,15.2,8,9.5,14.73,13,,,,3.7806709034,1,13,29
Miami,N.Y. Jets,-3,1.16,-3.07,0.25,-4.35,-1.86,-4,-2.87,-6.46,,2.25,-4.98,-7.14,0.19,-4.04,1.09,-2,3.04,,4.92,5.96,-5,-3,,-2.5,1.16,1.16,-2.16,-0.02,-2.5,-2,,,,,0.14,-1.3,-5,,,-2.64,,-11.68,-2,-3.2,-1.9,2,-5.85,-4,1.35,-1.93,,-2.7,-0.4,-5.2,,-2.34,,1.5,1.4,-1,-1,-2.98,-1.5,,,,2.6460345978,1,14,20
N.Y. Giants,Washington,4.5,7.84,0.05,4,0.33,3.89,7,5.08,5.74,,2.25,0.39,5.54,2.77,4.38,2.81,2,7.82,,10.17,3.86,8,4.5,,2,7.84,7.84,4.53,5.25,4,2,,,,,7.91,7.2,2,,,4.12,,-0.6,3,5.4,2.3,5,5.8,8.6,4.51,2.87,,-3,5.1,6.3,,1.81,,1.6,1,4,3,1.73,2.5,,,,2.8323857919,1,16,7
New England,Kansas City,16,17.41,17.87,11,24.72,16.72,16,26.1,16.17,,2.25,14.08,15.99,19,22.05,15.22,21,20.42,,14.92,22.19,25,16,,10,17.41,17.41,21.69,8.92,14.5,26,,,,,20.05,12.6,10,,,10.36,,5.1,17.41,21.8,7.6,13,24.1,23.9,11.2,14.88,,9.5,15.9,12.5,,29.57,,13.4,19.7,14,19,20.86,18,,,,5.7510596148,1,17,10
New Orleans,Tampa Bay,3,2.89,-1.79,4,-0.25,1.41,6,3.55,5.34,,2.25,5.6,5.14,-0.86,3.95,0.86,1,-0.11,,-4.46,-6.39,5,3,,1.5,2.89,2.89,2.89,8.47,3,-2,,,,,3.06,1.4,2,,,-3.02,,-7.38,1.7,-5.4,1.7,0.01,2.2,8,3.21,-1.73,,0.01,8.1,2.1,,-0.95,,-3,-1.5,3,-1.5,2.52,5.5,,,,3.1877024129,1,24,20
Oakland,Denver,-3,-4.72,0.06,-2,-0.8,-1.73,-2,-0.87,-3.66,,2.25,-3.87,-3.57,1.6,-0.1,2.08,-2,-4.29,,-2.73,-5.54,-2,-3,,-1,-4.72,-4.72,-2.86,-4.88,-1,1,,,,,1.45,-1.5,3,,,-6.74,,-12,-1.7,-7.5,0.5,-2,1.4,-0.1,2.74,-4.69,,-1,1.7,-4.6,,0.82,,-3.5,-1.1,0.01,-5,-1.7,1,,,,2.5783033149,1,14,41
Philadelphia,St. Louis,7.5,12.97,12.5,8,14.7,10.87,10,16.43,6.34,,2.25,5.85,6.14,12.4,17.04,9.23,10,12.16,,15.92,6,15,7.5,,4.5,12.97,12.97,13.39,6.14,7,13,,,,,10.71,8.2,5,,,7.59,,8.6,11,22.4,6.3,11,17.35,25,5.24,12.38,,5.2,7.5,-3.1,,19.99,,15,11.4,6,12,8.87,10,,,,5.2100380393,1,38,3
Pittsburgh,Houston,6.5,8.39,11.69,4,13.65,6.66,9,3.78,6.74,,2.25,8.8,7.02,9.11,-0.84,7.32,7,10.91,,2.67,18.14,7,6.5,,2,8.39,8.39,4.18,4.47,7,8,,,,,7.78,4,7,,,5.49,,6.5,7,8.8,1.1,7,9.2,-2.2,4.62,8.53,,7.6,8.2,4.3,,9.42,,4.3,6.2,7,6,6,11.5,,,,3.4184281045,1,38,17
San Diego,Carolina,9,11.63,7.09,8,11.71,9.79,10,15.66,6.94,,2.25,7.67,6.74,13.02,13.33,9.44,11,13.12,,14.17,18.76,18,9,,2,11.63,11.63,11.09,8.95,9.5,13,,,,,9.5,7.1,8,,,7.37,,-0.89,10,15.3,5.1,6,16,14.6,7.96,10.96,,2,11.2,5.5,,19.34,,5.8,9.7,9,10,10.05,10,,,,4.0602919309,1,24,26
San Francisco,Arizona,-3,1.02,-3.1,1,-3.86,-2,1,-3.19,-1.86,,2.25,-0.32,-2.09,-4.7,-2.71,-1.87,-4,-0.28,,-5.83,-4.66,-4,-3,,-2.5,1.02,1.02,-0.42,3.93,-2.5,-7,,,,,-1.54,0.5,-3,,,-1.73,,-2.18,-2.18,-10.6,-0.2,1,-4.3,-2.3,-1.63,-4.25,,-4.2,0.9,-1.4,,-3.16,,2.2,-3.9,1,-3,-6.92,-1.5,,,,2.8635817966,1,13,23
Tennessee,Jacksonville,-3,-0.75,-0.87,0.25,-3.06,-2.22,-2,-4.02,-6.51,,2.25,-0.25,-6.48,-1.58,-2.8,-0.08,-2,-7.96,,-6.34,-4.63,-6,-3,,-1.5,-0.75,-0.75,-2.7,3.36,-3,-4,,,,,0.56,-2.2,1,,,-3.84,,-0.46,-1.6,-10.4,0.9,0.01,-4.4,-0.3,0.06,-0.76,,-4.6,-4.2,-4.3,,-8.25,,-1.6,-2,2,-6,-3.53,-1.5,,,,2.8295229102,1,17,10
Arizona,Miami,6.5,5.68,8.3,4,5.33,6.34,10,10.48,7,2,6.5,4.88,7.72,10.53,8.56,8.77,11,2.59,-8.8,-7,-17.24,12,6.5,,4,5.28,6.04,11.06,8.86,8,9,,,,,10.09,9,10,,,-4.91,,7.13,6.91,3.3,18.4,3,11.86,15.9,5.75,3.69,,-0.3,6.6,4,8,6.82,,8.2,8.5,8,7,6.2,-1,,,,3.8220777236,2,31,10
Carolina,Chicago,3,-0.81,-2.7,-2,-13.36,0.37,4,-3.83,1.09,2,1.85,-1,3.03,-0.54,-2.84,0.87,1,9.78,1.2,6,28.73,-2,3,,4.5,-0.17,-1.82,-0.86,-0.96,3,-4,,,,,-1.04,2.6,7,,,7,,4.05,0.35,-5.4,-3.5,5,-0.32,-5.6,2.36,-0.34,,-8.7,2.7,-0.4,12,-7.88,,7,2.9,3.5,1,3.4,2.5,,,,4.2231350985,2,20,17
Cincinnati,Tennessee,1,-0.83,-3.47,0.25,-3.43,-1.23,-1,0.18,1.46,1,-2,3.97,0.16,2.56,-0.79,2.87,-1,-4.82,0.7,-5.71,-10.17,1,1,,2,-0.9,-0.77,0.61,-1.6,3,1,,,,,2.25,-3.3,3,,,-12.23,,0.64,-0.81,-9,-4,-1,-6.97,-4,2.6,-0.38,,-1.7,-5.2,-2.1,-10,0.16,,-6.6,1.8,0.5,0.01,-3.1,-4.5,,,,3.0594885292,2,7,24
Cleveland,Pittsburgh,-6,-4.36,-3.6,-1,-7.54,-4.01,-1,-2.57,-1.9,1,-2,-9.41,0.61,-2.04,1.56,-0.57,-6,-7,17.9,-11,-8.81,-4,-6,,3,-3.76,-5,0.86,-1.82,-4,-6,,,,,-3.1,-5.5,-8,,,-7,,-3.47,-4.18,-9.4,-3.9,-6,-11.96,-7.8,-1,-6.39,,-4.8,-6.8,-8.3,-7,-2.83,,-16.1,0.3,-1,-8,-4.4,3.5,,,,4.0427536602,2,6,10
Dallas,Philadelphia,6.5,4.7,1.78,3,2.75,3.6,6,2.71,5.89,-1,2.25,9.92,6.25,6.43,0.68,5.24,4,-7.77,2.8,-4,1.04,3,6,,3,5.23,3.99,1.53,2.01,7.5,5,,,,,6.08,3.3,3,,,-6.87,,-3.17,3.15,-0.5,9.8,2,8.54,1.3,5.97,1.03,,-2.5,4.7,9.3,10,7.26,,-2.2,6.1,6,0.01,2.7,7.5,,,,2.9440024976,2,41,37
Denver,San Diego,0,1.71,-4.44,-1,-2.51,-0.67,1,-5.01,-3.2,7,6.1,2.78,-2.62,-6.77,-8.51,-3.74,1,7.69,-19.8,7,-14.15,-6,0,,0.5,0.3,3.16,-2.14,1.64,-2.5,-7,,,,,-5.93,4.3,2,,,0.1,,-18.16,0.32,7.2,6.1,2,1.06,0.4,-0.54,0.33,,-2.6,-0.8,4.9,-5,-6.71,,9.7,-0.4,2.5,-2.5,0.4,-2,,,,4.2426634851,2,39,38
Detroit,Green Bay,-3,-4.54,-5.71,-2,-5.1,-4.12,-5,-11.77,-6.87,-3,-2,0.78,-8.23,-7.23,-7.31,-4.65,-8,11.72,0.1,13.29,15.92,-11,-3,,1.5,-5.27,-3.89,-8.03,-3.27,-3,-15,,,,,-10.21,-1.7,-6,,,7,,7.11,-4.78,-18.1,-10.5,0.01,-15,-16.7,0.13,-2.36,,-4.2,-6.2,-1.3,-8,-10.92,,4.8,-4.9,-0.5,-7.5,-7.9,-1.5,,,,5.0654910817,2,25,48
Jacksonville,Buffalo,4.5,5.54,15.81,5,10.9,5.35,7,10.88,4.4,8,-2,3.09,4.79,13.16,10.55,9.58,6,0.77,9.3,5.32,15.97,11,4.5,,4.5,6.93,4.08,11.52,1.68,5.5,-3,,,,,11.22,-0.04,4,,,2.87,,4.98,5.15,-2.6,-0.3,7,3.83,6,6.2,2.85,,13.3,5.3,1.4,4,13.35,,-6.2,9.1,4.5,5.5,1.4,7.5,,,,5.0410837029,2,16,20
Kansas City,Oakland,3,11.31,4.92,5,10.64,4.71,4,6.01,2.5,11,2.25,0.36,0.52,2.28,-0.76,2.55,5,0.07,-8.8,5,-7.38,7,3,,-1.5,9.58,13.24,4.56,1.82,3,1,,,,,5.28,6.4,8,,,3.53,,3.41,4.74,11,14.1,5,8.54,10.6,3.39,14.16,,5.5,6.2,3.9,5,5.93,,6.4,3.4,3,6,3.5,3.5,,,,4.2099811796,2,8,23
Minnesota,Indianapolis,-1.5,-1.73,-2.35,-2,0.01,0.37,5,-2.63,1.71,-4,2.25,3.06,0.59,-2.23,-2.03,-0.75,-1,4.06,-11.1,8,-37.63,-1,-1.5,,0.01,-4.24,0.19,-0.6,1.82,-2,-6,,,,,-5.03,5.1,3,,,2.99,,0.1,0.01,-2,13.7,2,-4.2,5.6,-0.33,-1.82,,-5.3,-2.02,-4.3,2,-0.93,,6,-0.2,2.5,1.5,-2.9,2,,,,3.8911122752,2,15,18
N.Y. Jets,New England,1,-8.68,-9.41,-5,-15.63,-4.27,-4,-13.24,0.97,-3,2.25,4.22,1.17,-11.42,-15.01,-8.82,-4,9.41,-5.5,8,6.3,-10,0.5,,-2,-10.73,-7.58,-12.42,-3.58,3,-6,,,,,-14.84,2.1,-3,,,7,,5.07,-4.43,-12.6,-10.5,-2,-7.81,-8.5,-1.29,-4.36,,-10.2,-0.4,-4.8,-7,-16.52,,8.9,-7.5,2,-4,-1.5,1.5,,,,6.1779460779,2,10,19
Seattle,San Francisco,6.5,11.45,10.87,6,18.18,7.73,8,10.2,6.65,10,2.25,5.39,7.85,15.29,11.73,10.68,9,-0.84,3.5,2,29.85,10,6.5,,8,12.48,10.39,11.1,9.74,9.5,10,,,,,12.4,4.6,3,,,6.4,,-0.72,7.93,1.1,14.6,9,13.26,7.4,6.2,12.19,,4,6.11,5.1,6,16.01,,11,9.6,6.5,11,2.2,6.5,,,,3.8909539293,2,30,33
St. Louis,N.Y. Giants,-8.5,-9.46,-6.8,-4,-20.35,-8.56,-7,-11.96,-9.2,-5,-2,-7.25,-7.99,-5.53,-15.19,-3.34,-12,-7.19,14.3,-7,11.52,-13,-8.5,,-1,-9,-10.25,-11.94,-9.02,-6,-12,,,,,-8.76,-7.3,-12,,,0.55,,-8.73,-8.87,-16.1,-11.8,-6,-17.78,-23.3,-2.63,-13.95,,-6.7,-7.1,-12.2,-13,-13.13,,-13.8,-3.4,-2.5,-10,-13.1,-1.5,,,,5.047555291,2,13,41
Tampa Bay,Atlanta,7,4.73,10.67,3,10.44,5.89,10,9.68,3.19,2,-2,4.88,2.37,13.51,6.42,9.61,7,5.52,3.5,7.68,1.53,12,7,,7,4.5,4.95,5.51,4.63,8,6,,,,,8.38,3.8,3,,,-0.53,,2.53,5.13,4.8,7.3,7,1.89,5.3,4.13,3.5,,-0.3,4.8,6.7,9,16.1,,3.6,8.6,8.5,10.5,2.6,10.5,,,,3.4723690435,2,24,9
Washington,New Orleans,1,5.82,6.57,2,2.92,1.15,0.01,5.56,-4.8,8,-2,-3.09,-5.71,4.63,8.16,4.08,1,-11.06,4.8,-11,-20.57,2,1,,1.5,5.25,6.4,4.81,1.77,-2,1,,,,,4.93,-1.2,2,,,6.84,,0.19,1.25,-1,12.6,0.01,-2.26,8.5,0.61,6.56,,-5.2,-2.2,-3.4,-5,8.1,,-2.7,6,2,0.01,0.1,2.5,,,,4.4195305181,2,29,24
Atlanta,Kansas City,6,2.75,9.91,2,,5.4,5,2.6,9.74,4,6.5,2.9,9.36,13.32,5.54,9.93,7,10.22,12,9.33,7,3,6,,1.5,3.04,2.47,5.24,3.96,5.5,5,,,,,2.55,6.8,7,,,8.26,,5.13,5,-0.3,17.1,8,6.53,5.7,2.51,3.1,,-0.1,1.3,3.4,8,-1.3,,15.3,4.7,2.2,3.5,6.7,1,11.55,7.08,-2.46,4.2751668772,3,38,14
Baltimore,Cleveland,2.5,7.1,11.31,6,,3.34,0.01,2.87,-1.86,3,8.63,3.27,0.19,23.14,3.27,12.22,4,-3.54,9,-1.45,7,0.01,2.5,,0.01,7.42,6.77,2.6,0.6,1.5,1,,,,,2.37,3.8,-2,,,7,,-10.95,3.27,6.7,1.5,5,9.78,2.9,4.97,7.35,,5.6,0.8,7.5,3,-5.12,,6.6,0.4,1.2,4,5.9,-13,-2.87,0.01,6.16,5.014505754,3,28,10
Buffalo,Oakland,9.5,10.65,10.84,8,,10.81,8,14.23,11.38,10,10.5,10.32,10.24,18.54,11.22,13.61,9,13.3,15,11.08,-7.42,12,9.5,,3.5,10.39,11.09,11.67,13.97,9,8,,,,,11.32,12.3,9,,,7,,9.74,10.5,8.2,15.5,8,13.04,15.8,7.57,14.08,,3.2,12,8.8,14,9.54,,21.6,6.1,9.3,7,8.7,8.5,18.9,16.56,13.43,3.7130601818,3,24,23
Chicago,Tampa Bay,3,9.94,3.98,7,,4.45,2,9.53,0.3,4,6.25,7.4,1.46,3.7,11.15,3.59,3,-4.22,8,-7,7,7,3,,-1,10.03,10.2,9.92,8.87,3.5,-5,,,,,8.64,3.5,6,,,-8.16,,0.98,3.98,13.2,13.5,-1,8.96,14.2,7.23,6.69,,-0.6,4.4,3.9,-3,4.99,,2,-0.3,2.3,1,-1.3,-5,11.97,10.75,1.64,4.3406354522,3,24,27
Denver,New Orleans,5.5,9.78,6.41,6,,6.38,3,5.43,0.3,1,6.5,3.44,0.06,10.58,7.02,8.4,7,7,14,7,7.89,3,5.5,,0.5,9.65,9.95,5.16,10.35,4,4,,,,,5.29,5.7,7,,,12.37,,15.34,6.56,14.2,9,4,10.87,7.1,6.93,9.89,,-4.5,5.3,9.2,5,0.27,,9.5,4.6,3.7,6,9.5,1.5,7.69,6.56,3.19,3.9015926166,3,34,32
Green Bay,Dallas,-3,1.17,-0.95,2,,-0.39,-1,2.16,-4.21,-11,2.25,0.77,-4.16,4.49,0.83,4.68,1,-1.83,-5,-2.57,0.17,3,-2.5,,-2,1.42,0.94,3.02,-4.05,-3,-2,,,,,2.1,-0.2,-5,,,2.05,,-2.38,0.6,-12.4,0.8,0.01,-0.26,4.7,1.63,0.77,,-7.5,2.2,0.9,-6,-0.95,,-2.7,1.1,2,0.5,0.6,4,1.8,1.98,-1.27,3.703911417,3,16,27
Indianapolis,Jacksonville,5,6.95,3.43,5,,3.26,5,4.19,0.31,3,1.71,3.43,2.87,3.04,2.72,4.16,5,-13.36,-1,-11.25,-7,3,5,,2,9.41,5.12,1.91,5.82,6,4,,,,,3.5,1,8,,,-8.7,,5.48,3.43,0.4,4.4,2,11.68,1,4.1,3.41,,4.2,4.5,1.4,11,3.82,,-4,5.6,3.2,3.5,1.5,6,5.9,5.05,10.52,2.8912729272,3,21,23
Minnesota,Carolina,3,-0.94,-3.57,0.25,,-0.37,4,3.99,-1.65,1,-5.19,6.44,-7.02,-2.88,-3.34,-0.36,1,-9.26,-5,-5.14,2.07,6,2.5,,1,-2.43,0.5,-0.29,-2.14,3,-1,,,,,5.1,-5.4,4,,,-13.07,,5.5,-0.36,-9.6,-9.7,1,-8.11,-1.2,1.41,0.92,,-2.8,-3,0.5,7,12.58,,-8.5,7.5,1.3,4,2.3,9,-8.18,-2.09,1.64,4.4263065017,3,20,10
N.Y. Giants,Cincinnati,13,14.44,11.8,9,,13.44,12,11.67,14.59,3,10.75,12.13,13.25,27.39,18.86,17.64,13,7,20,5.09,-5.46,14,13,,3,14.18,14.8,9.69,22.96,13,10,,,,,9.52,12.9,11,,,7,,12.63,13,19.4,17.9,10,20.08,19.1,9.69,15.18,,-3.8,15.3,18.2,27,14.91,,21.9,5.7,8.9,13,10,13,17.14,14.41,12.79,5.8539977334,3,26,23
New England,Miami,12.5,20.52,5.89,14,,14.76,18,24.33,8.97,17,10.75,20.65,10.03,22.96,22.52,12.81,17,-5.75,15,-7,-3.06,25,12.5,,7.5,23.92,19.29,21.08,18.11,13,14,,,,,23.58,11.9,11,,,-1.56,,13.11,14,15.9,17.1,11,25.56,23.9,12.33,20.94,,7.5,13.1,9.4,13,28.5,,13.3,17.1,10.4,12,7.6,17,32.2,28.27,21.3,5.9703139991,3,13,38
Philadelphia,Pittsburgh,3.5,3.62,1.28,2,,3.18,3,4.58,0.91,-4,2,5.61,-1.17,0.91,3.53,-1.07,2,3.13,14,-4.08,7,2,3.5,,3,1.54,6.2,4.52,5.5,3,3,,,,,4.47,3.2,4,,,3.2,,3.14,3,13.2,7.3,3,0.02,3.6,4.78,1.02,,-1,0.1,2.3,5,7.29,,7.1,2.2,2.8,5,1.9,3,5.94,5.26,-4.14,2.9460784943,3,15,6
San Diego,N.Y. Jets,8.5,9.67,-3.6,6,,7.36,7,10.59,5.19,18,1.99,12.46,4.25,3.87,8.71,4.4,7,1.18,13,-3.5,-7,13,8.5,,3,8.94,10.45,9.26,12.54,7.5,8,,,,,11.69,4.4,6,,,-5.74,,10.37,7.7,10.5,13.3,5,5.99,13.5,7.27,11.58,,5,4,4.1,5,10.7,,7.7,9.9,7.8,9,9,20,11.45,11.02,-4.11,3.9868584932,3,48,29
San Francisco,Detroit,5,3.53,8.34,2,,4.2,6,6.33,6.86,-1,2.77,1.77,7.18,9.5,6.02,10.08,5,9.28,14,-6.41,3.93,7,5,,0.01,2.94,4.17,6.72,4.31,5,-3,,,,,5.68,6.1,1,,,4.27,,4.47,4.17,4.3,9.7,2,7.05,10.4,3.55,2.87,,-2.1,6.2,-1.5,11,-1.32,,5.8,2.7,3.8,3,3.2,1,10.6,8.47,0.43,3.0113503919,3,31,13
Seattle,St. Louis,9,8.02,13.8,6,,9.41,8,13.37,4.81,7,2.25,13.21,2.2,8.8,6.87,16.23,9,10.6,18,7,7,14,9,,5.5,7.38,9.54,12.17,7.7,9,7,,,,,13.13,6.8,13,,,1.68,,9.87,9,1.4,5.8,10,18.84,14.6,6.65,12.33,,3.5,5.9,13.5,14,15.18,,15.4,9.9,7,8,11.2,15,13.15,13.26,2.55,4.5178744883,3,37,13
Tennessee,Houston,4.5,10.05,15.78,6,,8.98,9,9.52,7.19,-6,8.62,7.86,4.02,25.93,10.41,18.84,8,4.37,16,0.46,7,7,5.5,,1.5,8.87,11.34,6.94,11.32,6,6,,,,,8.36,9.4,8,,,10.27,,5.75,8.62,18.5,12.4,7,14.11,10.2,7.65,10.15,,0.4,10.3,-2.3,10,5.96,,17,3.3,7.4,5,9.2,8,12.98,11.25,10.67,5.1121893128,3,31,12
Washington,Arizona,3,5.16,-0.29,4,,2.15,4,4.1,3.68,3,-2.41,5.2,5.62,-10.47,3.32,-6.11,-1,-7,-3,-7,-7,3,3,,3,6.7,3.66,4.37,6.89,3,-2,,,,,5.8,-2.6,5,,,-4.5,,2.94,3,1,3,3,1.1,4.4,3.37,1.99,,1.9,4.4,1.9,3,10.92,,-2.4,4.9,0.8,3,7.5,5.5,5.68,4.89,4.36,3.826920152,3,24,17
Carolina,Atlanta,7,8.05,1.72,4,1.71,4.45,8,9.56,1.68,9,1.19,9.99,2.65,-3.96,9.32,4.75,3,6.73,,-3.43,7,8,7,,6,8.6,7.57,8.15,7.64,7.5,-10,,10.3,,,9.8,4.9,3,,,10.17,,-3.82,5,5,7.4,4,-6,9.5,0.77,3.62,,-4.3,8.6,4.3,15,10.8,,5.1,-5,7.3,7,1.2,,11.77,10.67,7.29,4.2250660296,4,24,9
Chicago,Philadelphia,-3,-0.44,-6.07,-0.25,-6.66,-2.49,-3,-0.01,-5.68,-10,-0.11,0.35,-5.03,-3.27,-2.05,2.78,-4,-3.19,,-0.71,3.6,-1,-3,,-1,-0.67,-0.45,0.39,-5.62,-2,-5,,1.3,,,0.14,-2.1,-6,,,-7,,-4.35,-2.05,-7.4,-3.1,-4,-7,0.1,0.29,0.09,,-5.9,-3.8,1.6,-10,-2.89,,-1.3,-3.7,0.6,-3,-1.2,,-2.51,-1.26,-1.84,2.7724777645,4,24,20
Cincinnati,Cleveland,3,6.41,1.18,4,4.24,3.5,2,0.74,2.17,4,4.6,5.55,-5.69,6.66,7.1,3.32,4,0.64,,1.29,13.29,3,3,,-2,5.29,7.43,2.03,4.51,3,1,,8.3,,,1.9,4.1,6,,,-1.05,,1.92,3.4,2.6,2.8,5,7.33,8.9,4.27,5.88,,1,3.4,1.6,3,6.58,,6.1,6.9,2.5,1,3.3,,1.49,1.11,-2.63,2.9777530552,4,12,20
Dallas,Washington,11,10.18,7.19,8,13.07,9.4,10,9.36,8.52,3,6.71,15.31,6.56,9.03,10.84,8.59,10,10.97,,7,7,10,11,,4,9.94,10.48,6.77,11.99,10.5,9,,7.4,,,7.76,8.5,5,,,10.04,,11.67,9.86,10.5,8.5,9,13,10.1,5.84,7.11,,1,6.2,14.2,13,9.86,,10.5,12.3,10.2,9.5,7.3,,8.23,8.8,11.01,2.7318561927,4,24,26
Jacksonville,Houston,7,10.68,15.38,6,14.94,9.83,11,10.06,16.05,17,3.06,10.01,14.26,11.45,8.86,4.57,10,9.91,,6.48,6.59,11,7.5,,3,10.64,10.81,7.24,9.8,7,15,,15.7,,,9.67,6.6,10,,,2.05,,7.53,10,12.2,7.2,7,20,8.9,7.76,9.7,,12.1,10.8,5.4,15,17.05,,14.6,5,8.3,4.5,4.7,,10.23,10.14,6.34,3.7639025877,4,30,27
Kansas City,Denver,-9.5,-10.07,-5.9,-9,-9.33,-11.24,-9,-10.85,-21.5,-11,-8.3,-4.45,-19.37,-13.84,-18.23,-9.59,-12,-7,,-0.38,-7,-11,-9.5,,-6.5,-10.43,-10.07,-8.6,-21.81,-9.5,-24,,-27.2,,,-7.39,-11.1,-13,,,-7,,-8.05,-9.59,-24.9,-14.8,-4,-22.3,-15.7,-4.08,-1.71,,1.7,-7.5,-3.2,-14,-36.21,,-20.7,-14.2,-5.6,-8,-9,,-19.51,-15.18,-6.99,6.794653201,4,33,19
N.Y. Jets,Arizona,1,0.37,-8,-0.25,-1.81,-3.14,2,-1.01,-10.22,-2,-2.37,3.48,-4.57,-9.25,-7.73,-4.57,-4,-11.93,,-7,-7,1,0.5,,1,2.19,-1.45,-1.65,-3.13,1.5,-5,,-16.1,,,0.41,-1.6,2,,,-8.37,,0.78,-2.1,-10.7,-6.2,2,-12.3,-4.1,-1.2,1.45,,0.01,-2.3,-2.9,3,-20.23,,-9.6,-2.1,-0.7,1,-5.1,,-4.76,-2.88,3.95,4.882224794,4,56,35
New Orleans,San Francisco,4.5,7.64,-4.01,4,7.11,4.44,8,8.18,3.77,-3,3.93,10.59,4.52,-0.4,12.31,4.3,3,-9.48,,-11.9,-9.61,10,4.5,,7,7.62,7.8,4.47,6.43,6,-7,,12.1,,,9.87,3.8,3,,,-9.13,,5.77,4.52,9.6,7.8,7,-1.7,8.7,1.92,5.25,,2.1,0.9,4.3,0.3,14.23,,11.1,1.8,4.7,6.5,1.4,,0.7,4.44,5.48,3.8926888785,4,31,17
Oakland,San Diego,-7.5,-4.34,-2.71,-5,-13.99,-5.13,-6,-9.36,-9.1,-1,-2.8,-10,-5.4,-3.25,-3.14,-0.54,-6,-6.39,,7,2.62,-12,-7.5,,-3.5,-5.2,-3.85,-6.57,-2.46,-7,-9,,-4,,,-10.64,-3.3,-7,,,-7,,4.69,-5.2,-9.3,-4.3,-4,-6.6,-7.3,0.31,-1.94,,-6,-4.4,-10.1,-8,-9.83,,-7,-3.3,-3.5,-8,-9.4,,-11.68,-10.52,5.85,3.0824412305,4,18,28
Pittsburgh,Baltimore,5,5.7,6.43,3,12.88,4.89,8,8.02,0.76,6,1.29,11.63,2.49,-2.1,6.96,3.33,4,7,,7,7,10,5,,3.5,6.27,5.13,7.82,6.7,7,-1,,-5.8,,,9.89,5.1,4,,,7,,8.42,5.7,0.1,5.3,8,-4.2,7,1.21,6.05,,5.4,10.3,2.8,10,-6.31,,7.2,3,9,6.5,-0.5,,6.61,7.31,3.57,4.1952427965,4,23,20
St. Louis,Buffalo,-8,-11.2,-5.32,-8,-13.7,-11.87,-6,-16.27,-19.59,-7,-7.56,-3.92,-14.75,-18.06,-20.21,-19.57,-17,-7,,-7,-7,-11,-8,,-4.5,-10.58,-13.56,-8.92,-11.4,-9.5,-33,,-15.9,,,-13.22,-14.6,-10,,,-7,,3.18,-11,-24.1,-11,-4,-35.7,-19.4,-7.73,-6.7,,1.5,-9.8,-10.4,-15,-27.53,,-27.8,-11.6,-6.7,-11,-11.5,,-15.34,-15.8,-6.16,7.5161713285,4,14,31
Tampa Bay,Green Bay,1.5,1.64,-3.16,0.25,0.52,0.95,3,-1.77,1.36,-3,0.59,-2.58,0.72,3.08,5.78,0.6,1,3.57,,12.72,7.67,0.01,1.5,,0.5,-0.1,3.47,-1.89,-0.49,1.5,-2,,7.6,,,-2.7,2.4,4,,,-8.45,,-9.11,0.6,4.5,3.2,6,2,-0.3,2.79,-0.26,,-4,1.4,-2.3,-6,4.22,,9.9,-3.8,3,-1,1,,-4.2,-2.98,-2.75,3.0793310531,4,30,21
Tennessee,Minnesota,3,8.53,2.47,7,5.46,7.47,3,6.65,5.23,4,10.52,6.93,2.77,14.03,8.79,12.12,9,1.46,,10.86,7,5,4,,-0.5,9.28,7.81,8.9,9.36,3,14,,12.1,,,5.3,8,7,,,5.8,,2.44,7.91,6.8,8.2,6,16.6,10.2,6.71,5.93,,-2.5,10.6,3.1,8,10.37,,11.7,8.9,6.4,4,5.6,,13.1,9.87,7.91,3.8934117575,4,30,17
Arizona,Buffalo,2,1.6,4.45,-4,4.37,0.18,0.01,0.92,2.2,3,-1.88,-2.83,-0.97,-5.01,0.06,4.78,-4,1.86,,1.48,7,1,2,,1.5,-1.97,4.09,1.61,-3.18,1.5,1,,-1.7,,,1.31,-3.3,3,,,-7,,11.01,1,4.4,-2.2,2,1.25,-4,-0.28,-0.42,,2.3,-4.4,-4.1,-7,2.5,,4.4,4.4,1,1,6.3,,-4.9,-1.99,0.24,3.0088947999,5,41,17
Baltimore,Tennessee,-2.5,-5.13,3.71,-2,2.52,-1.87,-1,-4.32,1.49,-4,-1.05,-6.06,1.33,-1.08,-4.69,0.9,-2,-1.98,,-2.13,9,-2,-2.5,,1,-8.89,-2.33,-2.78,-4.19,0,2,,-2.3,,,-4.65,-3.6,3,,,-7,,-1.63,-1.99,-5.7,-2.2,-1,-1.34,-5.2,0.82,0.77,,2.9,-4.2,-1.2,-3,-1.7,,-2.6,0.2,-1.9,-2,-0.6,,-12.69,-8.5,-0.68,2.9842078983,5,10,13
Carolina,Kansas City,9.5,14.65,5.89,9,8.36,11.03,11,14.2,15.48,10,9.69,7.09,14.76,11.99,14.42,11.26,11,7,,7,7,12,9.5,,8,10.78,21.05,13.97,13.26,11,3,,17,,,10.43,11.1,8,,,9.2,,8.56,11,17.4,11.6,10,16.35,15.4,6.54,5.15,,-2.1,10.8,12.3,11,19.68,,21.8,10.1,9.6,10,17.8,,15.8,15,7.56,4.6244732501,5,34,0
Dallas,Cincinnati,16,19.25,12.24,15,10.56,14.63,14,16.06,16.17,-2,12.21,14.12,18.24,16.24,18.52,17.02,17,7,,7,-8,13,16,,7,26.1,18.37,13.02,24.67,17,9,,16.9,,,14.33,14.2,9,,,7,,17.89,14.71,19,16.1,12,14.42,15.3,8.47,6.94,,0.2,15.1,25.2,25,17.91,,21.5,12.5,13.1,13.5,15.8,,17.28,16.67,18.06,4.9481710541,5,31,22
Denver,Tampa Bay,3,-0.87,-0.38,2,3.14,-0.08,0.01,1.03,1.15,7,1.75,6.11,1.21,0.8,-6.35,4.29,2,-5,,-5.06,-4,0.01,2.5,,2.5,1.16,-2.8,4.66,-1.06,4.5,-3,,-3.8,,,3.94,-2.5,2,,,-2.79,,2.28,0.01,-6.5,-3,0.01,-2.37,-5.9,2.34,4.91,,2.6,1.5,1.6,-4,-5.86,,-1.8,5.8,1,-0.5,-0.9,,-1.83,-0.4,0.67,3.1927024389,5,16,13
Detroit,Chicago,-3.5,-14.71,-9.92,-8,-9.22,-9.44,-5,-14.79,-9.85,3,-8.04,-7.08,-9.23,-9.46,-22.43,-8.52,-6,-7,,-7,-7,-11,-4.5,,0.5,-10.77,-20.08,-8.4,-6.76,-2.5,-6,,-23.9,,,-13.23,-10,-5,,,-7,,-3.61,-8.02,-18.5,-11.6,0.01,-21.1,-19.8,-4.25,-5.61,,-4.9,-6.5,-4,-10,-26.66,,-22.2,-5,-3.7,-5,-7.6,,-13.21,-14,-5.69,6.342329894,5,7,34
Green Bay,Atlanta,3.5,5.61,3.83,6,13.87,6.64,10,13.95,7.8,7,3.44,12.52,6.91,2.92,7.58,9.12,4,6.88,,6.64,-3,13,4,,6.5,2.57,8.82,8.5,7.62,6,2,,6.7,,,14.84,5.9,3,,,3.63,,1.95,6.64,1.9,6.1,6,6.05,11.4,3.17,5.24,,0.5,8,-2.1,8,6.64,,7.6,3.3,9,8,4.7,,13.95,13.95,12.13,3.6474734666,5,24,27
Houston,Indianapolis,-3,-0.63,1.99,-3,-3.15,-1.81,-4,-5.16,0.94,1,2.16,-6.61,-2.07,-1.37,0.98,0.22,-3,-3.02,,-3.24,-7,-4,-3,,-0.5,-1.52,-0.01,1.75,-1.52,-3.5,-5,,-2.7,,,-4.47,1.1,-7,,,-7,,0.05,-1.8,-5.1,0.6,1,-0.33,2.7,0.06,-6.85,,-3.7,-2.7,-3.9,-6,-2.4,,-0.4,2.1,-0.2,-2.5,-6.2,,-2.4,-3.78,-0.68,2.7348492078,5,27,31
Jacksonville,Pittsburgh,5,0.93,4.24,1,3.39,0.31,3,1.99,1.38,-3,-4.04,1.41,4.6,-3.18,-1.86,-5.69,1,-5.48,,-5.21,-5,3,4,,1.5,4.59,-2.99,3.35,-1.01,3,-3,,-1.4,,,3.04,0.1,2,,,7,,4.35,1.06,-5.4,2.3,2,1.1,2,1.02,2.45,,6.5,2,5.8,-4,-5.7,,-2,-2.8,2.9,2,-1.3,,8.09,5.04,-0.6,2.913085908,5,21,26
Miami,San Diego,-6.5,-3.14,-5.19,-4,-10.93,-4.73,-7,-9.95,-1.04,1,-2.31,-4.95,-0.19,-1.22,-4.94,-7.18,-3,-7.29,,-8.55,-7,-12,-6.5,,-2.5,0.51,-7.14,-6.44,-3.47,-6.5,-12,,-8.7,,,-12.49,-2.7,-4,,,-3.7,,-3.89,-4.47,-6,-1.2,0.01,-4.93,-6.6,0.64,-2.33,,-6.9,-2.2,-12.2,-6,-7.76,,-10.1,-3.8,-3.9,-1.5,0.01,,-8.52,-9.23,1.55,3.5161394119,5,17,10
N.Y. Giants,Seattle,7,18.51,5.97,10,11.43,10.91,9,12.37,13.24,3,8.04,4.14,13.12,13.37,16.84,19.86,11,7,,7,-10,10,7,,4.5,26.56,15.84,12.71,16.95,9,5,,14.9,,,10.64,8.2,8,,,7,,-2.02,10.8,17.8,14.3,6,11.25,13,7.75,5.33,,-1.9,10.6,16.6,17,19.23,,16,3.9,5.9,6,11.8,,15.4,13.88,9.36,5.4291787425,5,44,6
New Orleans,Minnesota,3,9.3,5.7,5,0.31,5.52,4,0.81,8.35,6,6.85,6.32,9.43,7.41,5.67,5.31,4,6.34,,6.3,7,4,3.5,,0.5,12.37,6.36,1.57,7.5,3,8,,7.1,,,0.83,4,6,,,9.18,,1.37,5.82,8.7,5.5,5,7.13,2.4,4.88,4.56,,-1.9,6.5,6.3,7,5.95,,11.1,8.2,4.7,4.5,5.5,,3,1.9,1.18,3.2101217172,5,27,30
Philadelphia,Washington,6.5,-2.8,1.51,3,6.53,3.45,4,6.6,4.73,-1,4.31,9.51,1,8.5,2.09,9.62,5,2.24,,2.92,-6.05,8,6,,3,-11.91,6.11,2.56,-2.24,6,2,,2.8,,,6.34,1.7,7,,,-7,,3.53,3.4,-2.2,-1.5,7,2.58,3.8,5.39,7.23,,1.8,1.9,4.3,3,4.34,,2.9,4.7,5,6,4.1,,-2.99,1.8,0.18,4.2809980074,5,17,23
San Francisco,New England,-3,1.05,-2.05,-4,-14.49,-0.85,-5,-8.99,5.49,-13,-3.33,-7.89,5.62,5.41,2.17,-4.62,1,3.69,,4.06,-7,-10,-3,,-4,-2.1,4.96,-5.08,-4.93,-3,-6,,1.9,,,-15.36,-0.1,5,,,-7,,2.3,-0.55,1.8,-3.9,-2,5.36,1.8,3.75,-9.6,,-14.4,-1,-3.2,-5,4.07,,8.2,8.7,0.1,1,8.1,,-1.23,-5.11,-3.03,6.2462118975,5,21,30
Arizona,Dallas,-5,2.68,5.67,-2,-0.35,-0.44,-3,-5.79,4.16,-4,-0.13,-8.21,0.51,1.49,-1.17,10.69,-1,-0.55,,-0.47,7,-2,-4,,-0.5,4.05,1.21,-2.83,-2,-6.5,-1,2.45,0.31,,0.32,-4.95,-0.4,-1,,,-7,,,-0.56,3.8,-4.5,-2,2.74,-1.4,2.02,-4.88,,7.6,-3.8,-1.9,4,-0.58,,,-2.2,0.8,,-4.2,,-4.87,-5.33,-4.53,3.8904094909,6,30,24
Atlanta,Chicago,-2.5,-2.57,1.65,-3,-10.16,-2.99,-3,-7.53,2.04,6,-3.29,-6.67,3.93,-1.3,-4.38,-1.27,-1,-7.03,,-6.91,-11.47,-7,-2.5,,-1.5,2.91,-8.94,-2.81,-2.41,-1,-1,0.02,-4.29,,-0.88,-8.27,-2.2,3,,,2.47,,,-2.49,-11.7,-4.6,1,-6.54,-7.8,0.61,-5.43,,-0.4,-0.9,-6.5,-4,-6.51,,,2.2,-2.2,,-1.7,,-4.16,-5.84,-0.59,3.9214891425,6,22,20
Cleveland,N.Y. Giants,-7.5,-14.79,-11,-9,-14.19,-8.7,-4,-4.49,-6.08,-1,-8.07,-5.77,-5.73,-14.99,-5.91,-10.64,-11,-9.33,,-8.89,-7,-9,-7.5,,0.01,-23.37,-9.8,-7.92,-9.97,-7,-5,-10.76,-6.99,,-9.16,-2.56,-6.9,-11,,,-7,,,-8.78,-16.7,-10.6,-7,-12.56,-9.4,-6.18,-7.25,,-3,-8.2,-12.2,-11,-8.68,,,-7.3,-3.6,,-12.4,,-9.12,-6.8,-0.49,4.466027527,6,35,14
Denver,Jacksonville,3.5,9.57,4.28,6,3.18,4.92,2,0.17,8.19,-4,7.63,-1.56,6.94,6.81,5.52,12.04,6,7.53,,8.06,-2.23,-2,3.5,,2.5,12.23,7.15,4.55,10.1,3,5,7.74,8.11,,6.92,-0.29,2.8,1,,,9.09,,,5.31,10.4,-0.2,2,5.21,-0.9,4.76,3.59,,5.4,3.1,-1.1,6,7.41,,,7.8,2.3,,10.1,,-0.33,-0.08,2.26,3.8513044298,6,17,24
Houston,Miami,3,-10.5,-4.77,-2,1.71,-2.5,2,3.03,-3.38,3,-2.19,0.29,-2.19,-4.53,-8.29,3.92,-1,-11.37,,-10.85,7,6,2.5,,4.5,-17.09,-6.23,4.62,-8.03,3,-3,-6.56,-9.69,,-6.29,5.59,-4.4,7,,,-7,,,-1.84,-19.3,0.9,2,-9.29,0.6,-1.67,2.15,,9.8,1.7,1.4,-6,-10.4,,,-0.2,1.2,,-7.5,,3.4,3.21,2.38,6.6346345072,6,29,28
Indianapolis,Baltimore,3.5,-0.47,-5.71,3,6.86,0.54,7,6.62,-0.67,3,-4.83,7.37,3.28,-3.43,-2.35,-3.67,1,-6.75,,-6.39,-10.79,9,3.5,,4.5,3.47,-4.51,3.1,0.62,6.5,-3,0.57,-6.59,,0.64,8.19,1.3,-3,,,7,,,0.77,-5.7,0.9,4,-6.19,2.6,0.25,6,,4.5,5.5,-4.2,3,-6.11,,,-2.1,5,,-3.5,,12.01,9.31,2.79,4.5879251735,6,31,3
Minnesota,Detroit,13,19.38,15.84,12,23.69,14.36,16,19.5,15.45,10,9.19,20.06,12.6,11.51,25.77,5.47,15,7,,7,7,18,13,,5.5,17.03,22,15.6,19.71,12,7,14.31,21.31,,16.67,17.89,13.4,10,,,7,,,14.7,16.7,12,9,23.83,24.9,9.15,12.9,,14.4,7.9,8.3,15,26.94,,,10.3,11,,19.6,,16.65,18.07,13.69,5.2951105907,6,12,10
N.Y. Jets,Cincinnati,9.5,13.07,7.65,10,1.43,8.19,7,6.22,8.18,10,7.41,2.86,14.14,9.56,9.05,9.43,10,7.75,,8.21,9.39,7,9.5,,4.5,24.5,7.05,5.96,17.15,7,8,11.05,9.91,,8.54,4.38,7.6,7,,,7,,,7.7,12,10.9,5,6.93,6.2,5.65,5.98,,6.4,8.8,5.7,15,8.22,,,7,5.9,,8.8,,4.62,5.42,8.35,4.2115423797,6,26,14
New Orleans,Oakland,7,8.61,2.46,9,5.06,7.88,9,8.93,8.35,3,6.81,6.1,6.85,7.94,7.51,5.77,6,13.43,,13.47,-7,10,7,,6,5.75,11.67,6.52,10.79,7,3,7,10.21,,8.13,8.99,4.1,3,,,2.83,,,7.45,13.1,10.2,9,11.85,7.4,5.31,3.98,,12.3,6.4,12.4,5,13.71,,,8.9,7.2,,7.7,,15.82,12.38,7.07,2.6086488536,6,34,3
San Diego,New England,5.5,4.58,0.88,1,1.38,4.56,2,4.92,7.71,14,0.38,-0.09,0.33,5.17,8.65,-2.51,4,11.72,,12,8.11,2,5.5,,2,-1.73,10.26,0.63,-0.59,6,8,1.93,8.51,,1.35,3.2,4.1,4,,,-1.86,,,4,10.8,3.4,1,12.91,10,4.19,1.22,,5.1,2.2,8.9,10,12.6,,,7.4,6.3,,10.4,,-0.82,2.05,-1.75,3.7908745975,6,30,10
San Francisco,Philadelphia,-5,-6.22,-7.24,-5,-12.22,-6,-3,-9.66,-2.16,4,-4.83,-9.35,3.78,-2.72,-13.3,-5.5,-3,-11.7,,-12.02,0.75,-7,-5,,-5,-1.55,-11.82,-3.26,-5.45,-5,-2,-2.5,-6.69,,-2.72,-10.38,-5.1,-3,,,-7,,,-5.05,-20.4,-6.7,-5,-9.85,-11.1,-0.23,-7.24,,-1.5,-2.3,-4.6,-9,-13.52,,,-2.8,-1.9,,-13.6,,-2.93,-6.3,-3.41,4.4733160924,6,26,40
Seattle,Green Bay,1,-7.08,-0.9,-2,-5.24,-3.32,0.01,-6.01,-0.58,7,-2.68,-3.15,3.79,-3.53,-10.94,-11,1,-13.87,,-7,-7,-2,0,,-1.5,-3.97,-11.24,-1.11,-4.27,-1,-1,-3.2,-5.59,,-2.17,-5.91,-2,4,,,-7,,,-2.98,-15.4,-0.9,2,-8.35,-3.8,-1.05,-4.49,,9.3,-0.5,-3,-7,-16.92,,,0.01,1.8,,-7.1,,0.1,-2.95,-3.86,4.7811509832,6,17,27
Tampa Bay,Carolina,1.5,-0.25,-0.09,-0.25,1.34,1.23,3,2.87,3.88,-4,-0.95,-1.82,5.34,-0.92,1.79,4.81,1,0.85,,0.96,-11.45,2,1.5,,1,-0.44,-0.05,0.98,-1.09,3,-2,1.42,2.81,,0.08,3.75,0.3,4,,,-1.7,,,1,-1.7,4.7,5,1.68,-2.4,1.22,2.91,,9.1,4.7,1.5,3,-0.06,,,-2,3,,-4.9,,-0.58,1.15,3.25,2.545520059,6,27,3
Washington,St. Louis,13,29.77,23.32,17,27.32,20,16,25.15,20.75,7,13.16,23.45,18.95,16.32,37.29,16.5,16,7,,7,7,20,13.5,,7.5,30.77,32.72,21.91,32.38,15,4,24.42,27.91,,23.95,23.56,19.7,10,,,7,,,19.33,29.2,16.9,14,33.89,31.5,12.41,11.11,,24,15.1,18.9,24,41.14,,,13.3,14.2,,14.4,,32.14,28.65,15.42,7.4634627309,6,17,19
Buffalo,San Diego,1,4.76,3.51,2,-2.98,-0.27,-2,-5.71,3.27,6,1.81,-4.35,8.85,2.16,-5.88,2.31,2,-4.87,,-5.06,14.45,-8,1,-2.11,1.5,12.25,-1.25,1.03,0.01,-2,-7,4.57,-1.87,-2.6,3.5,-3.49,-2.1,4,-6.05,11.04,11.09,,,-0.16,-4.4,3.3,0.01,-4.85,-9.3,-0.16,3.73,7.95,3.6,4.3,-2.1,2,-5.69,7.76,,-1.2,1.8,-0.5,-3.4,,1.76,-1.98,4.19,4.7117446627,7,23,14
Carolina,New Orleans,3,7.22,-1.13,5,0,2.78,1,3.36,6.18,3,2.5,-0.82,8.33,1.94,3.31,2.06,5,3.12,,3.84,29.68,-1,3,2.61,3,10.43,3.77,4.54,8.56,3,-3,4.3,3.13,3.5,3.39,4.07,1.5,6,2.37,31.6,6.83,,,3.12,1.5,4.6,3,2.2,-3,3.41,4.93,8.07,6.1,6.6,-3.9,3,4.91,30.96,,-0.8,1,-5,-2,,6.3,4.83,3.43,5.2580645437,7,30,7
Chicago,Minnesota,3,6.81,3.14,6,6.7,6.72,2,6.27,11.58,7,9.06,7.29,5.51,8.62,8.24,6.73,5,11.92,,12.1,-2.31,7,3.5,13.84,-0.5,4.48,9.87,4.65,5.42,3.5,9,3.81,9.43,7.9,5.03,6.35,5.5,7,10.73,-3.24,3.9,,,6.81,10.2,3.6,3,10.06,10.8,8.72,7.23,1.23,3.5,3.7,3.5,9,12.79,-3.5,,4.9,5.2,8.5,0.9,,2.36,4.32,1.73,3.3702534084,7,48,41
Cincinnati,Pittsburgh,-9,-11.51,-8.74,-9,-7.32,-7.37,-6,-5.4,-4.66,-1,-7.34,-7.28,-8.72,-8.37,-7.45,-4.05,-10,-8.59,,-8.02,-15.21,-6,-9,-9.98,0.01,-20.5,-6.67,-8.18,-8.78,-11,-13,-6.88,-6.77,-8.4,-10.08,-5.39,-6.4,-7,-8.06,-14.55,-7,,,-7.32,-11.8,-4.6,-6,-5.62,-6.6,-4.79,-4.37,-20.03,2.9,-8,-12.6,-12,-7.62,-16.04,,-3.7,-4.3,-6,-11.1,,-9.03,-7.22,-8.3,3.7880767216,7,10,38
Green Bay,Indianapolis,-1,-1.42,-0.22,-1,-4.44,0.1,0.01,0.15,4.11,3,5.37,2.5,0.48,2,-2.17,1.99,1,-1.09,,-0.76,-0.4,-3,-1,-0.44,0.01,-1.86,-1.06,-0.53,-2.76,-1.5,-2,0.23,1.63,-1.1,-0.43,3.27,-0.2,2,-1.65,0.59,-3.09,,,-0.2,-10.7,0.3,2,1.56,-6.1,-0.11,1.88,-2.44,-1.3,1.2,1.2,2,-2.13,0.43,,6.2,3,-0.5,-0.8,,-1.43,-0.64,4.37,2.8245656774,7,34,14
Houston,Detroit,10,16.85,12.96,11,15.01,11.32,8,14.05,13.24,4,6.44,13.37,12.96,7.21,14.32,7.71,9,14.89,,14.67,13.89,13,10,14.66,4,19.71,15.72,12.37,17.53,10,0.1,10.93,13.13,13.3,11.6,13.12,8.8,12,14.78,14.81,7,,,12.96,18.8,7.7,8,13.12,14.8,7.91,14.91,18.18,15.8,7,8.6,11,15.75,12.91,,8.8,7.2,5,13.7,,16.31,15.18,6.93,3.5972934843,7,28,21
Kansas City,Tennessee,-8.5,-18.85,-6.1,-10,-11.73,-12.56,-8,-16.86,-11.68,3,-10.92,-13.14,-7.62,-15.6,-15.16,-9.56,-11,-20.66,,-20.81,-16.53,-14,-8.5,-18.05,-6.5,-19.57,-22.64,-12.82,-11.9,-8.5,-25,-10.7,-15.57,-17,-13.94,-13.41,-11.6,-7,-23.5,-21.91,-7,,,-11.73,-26.7,-6.1,-7,-18.75,-20.4,-13.61,-5.6,-17.85,-4.4,-8.7,-9.5,-5,-21.73,-21.32,,-8.5,-9.2,-9.5,-13,,-19.23,-18.05,-8.42,5.5777491866,7,10,34
Miami,Baltimore,3,3.1,2.28,2,5.88,3.39,2,2.07,7.86,6,-0.14,-0.5,2.5,5.4,6,4.65,4,4.44,,4.49,3.3,1,3,5.13,1,3.45,2.73,2.13,4.52,2,10,2.32,2.83,2.2,2.9,3.57,6.5,-1,2.33,3.18,1.52,,,3.1,1.3,3,4,4.96,7.5,4.31,4.92,3.86,8.5,1.8,1.2,8,5.32,4.39,,3.1,3.9,0.5,6.8,,4.28,3.17,-1.35,2.2148138904,7,13,27
N.Y. Giants,San Francisco,10.5,15.08,4.43,13,15.44,11.59,11,14.96,11.38,3,10.83,16.24,8.13,13.19,11.11,11.43,13,13.69,,13.26,6.3,16,10.5,13.58,8,16.98,13.64,13.46,19.45,13,10,8.85,10.53,11.3,12.27,14.4,7.6,14,14.29,8.79,13.66,,,12,23.7,8.6,11,12.07,15.5,8.68,13.18,13.37,12.8,12,8.5,6,15.11,6.28,,4.5,9.3,8,8.6,,13.4,14.18,10.77,3.5911066458,7,29,17
New England,Denver,3,-1.14,-1.71,2,5.61,1.06,8,4.74,0.3,-4,2.05,7.18,4.58,-1.47,2.09,-0.02,1,-3.68,,-3.52,2.61,10,3,-2.04,2,0.69,-3.49,5.17,-2.14,3,-9,0.2,-0.47,-0.4,0.19,5.96,2.8,5,-5.34,5.27,0.33,,,1.5,-7.1,4.7,5,-4.35,2.6,-0.24,3.63,-1.36,5,2.3,-4.2,4,-2.21,5.82,,-1.5,5.3,5,-8.7,,3.66,4.2,3.19,3.8040686835,7,41,7
Oakland,N.Y. Jets,-3,-6.71,-4.92,-6,-9.84,-4.88,-3,-3.28,-3.19,1,-4.64,-1.26,0.31,-5.71,-6.61,-4.23,-5,-9.37,,-10.12,-29.77,-7,-3,-7.41,-3,-5.47,-8.09,-4.45,-8.43,-3,-14,-1.88,-4.17,-7,-6.62,-2.24,-3.5,2,-11.51,-30.12,-4.79,,,-4.45,-14.2,-2.1,-3,-8.36,-8,-2.14,-4.35,-6.47,-0.8,-0.2,-3.8,-4,-11.24,-30.95,,-3.1,-2.9,0.5,-4.6,,-12.9,-8.09,-3.51,5.3351946736,7,16,13
St. Louis,Dallas,-7.5,-12.07,-9.17,-11,-22.55,-11.53,-8,-21.82,-14.09,3,-6.9,-3.81,-2.85,-11.43,-20.43,-10.82,-9,-24.1,,-24.65,-50.23,-13,-7.5,-21.67,-8.5,-8.11,-21.17,-13.11,-10.78,-11,-9,-5.88,-16.37,-19.4,-9.56,-20.69,-8,-1,-26.47,-49.12,-7.06,,,-9.56,-29.7,-3.7,-9,-21.04,-13.9,-7.72,-5.82,-4.28,-5.4,-7.3,-8.5,-10,-24.21,-48.75,,-10.8,-8.8,-3,-7,,-8.45,-15.13,-7.97,9.1403353027,7,34,14
Tampa Bay,Seattle,10.5,24.18,18,14,22.69,16.76,10,13.27,22.01,1,11.52,17.09,15.14,14.92,24.84,11.92,13,28.52,,29.28,47.31,13,11,28.51,3.5,22.71,25.92,13.86,21.5,10.5,16,13.1,22.63,22.8,17.79,9.25,12.8,10,30.27,54.4,7,,,15.11,28.9,8.3,9,25.6,20.6,15.09,9.09,18.87,13.8,10.5,12.7,17,31.81,55.23,,7.3,10.1,8,20,,11,12.14,8.82,9.1417443732,7,20,10
Washington,Cleveland,7.5,10.91,9.7,7,4.76,6.4,2,6.31,8.62,3,6.2,4.9,6.49,6.28,5.54,5.1,7,5.99,,5.89,0.62,1,7.5,7.43,4,12.52,9.4,9.14,8.54,9,3,6.59,7.53,5.6,6.89,6.84,5.9,9,5.1,2.75,9.87,,,6.1,7.9,4.6,7,7.94,-1.9,5.61,7.57,8.52,9.9,10,4.6,10,4.61,-1.2,,6.1,4.7,5,9.8,,4.58,5.45,5.89,2.9869362315,7,14,11
Baltimore,Oakland,7.5,12.01,10.28,,13.52,9.55,7,9.67,12.45,3,9.64,8.63,8.37,8.61,7.76,6.99,7,14.74,,14.84,10.32,11,7.5,,4,9.46,15.07,8.67,12.13,6.5,3,6.57,11.63,12,9.5,8.74,6.1,4,17.27,12.51,7.86,,7.37,8.69,17.7,7.1,9,13.67,12.9,7.81,8.71,4.83,12.8,5.3,2.8,11,19.33,15.69,16.2,5.6,7.3,7,7.5,,10.29,9.98,8.4,3.5218736056,8,29,10
Carolina,Arizona,5.5,5.12,-0.72,,9.38,4.44,3,6.3,6.85,10,3.85,8.21,7,2.71,1.13,2.7,3,1.76,,2.26,27.7,3,5.5,,2,5.16,5.1,4.6,7.45,4.5,3,3.8,2.03,3.5,6.16,3.65,3.6,6,6.24,27.33,0.88,,4.59,4.59,-4,2.6,5,4.37,7.7,4.8,1.44,1.89,13.3,5.4,8.5,3,6.57,28.18,4.9,4.9,3.5,1,5,,3.04,4.67,3.18,4.8831778409,8,27,23
Dallas,Tampa Bay,1.5,0.87,0.98,,5.24,-0.1,1,2.18,2.17,4,-0.65,-2.56,1.31,0.74,-1.27,0.96,1,-1.57,,-0.75,4.35,0.01,1.5,,3,0.83,0.9,1.66,-3.23,1,-1,-0.33,1.43,-2.2,-3.36,7.89,-3.1,-4,-3.17,7.24,0.74,,2.55,0.36,-0.5,2.1,2,-5.42,-5.1,-1.31,1.53,-6.65,3.3,0.7,2.6,-5,-2,7.24,-1.8,4.5,3.3,-1.5,-0.3,,-0.18,1,4.07,2.9888453283,8,13,9
Detroit,Washington,-7,-11.24,-10.37,,-9.08,-9.62,-7,-14.58,-12.39,-3,-7.89,-10.53,-10.95,-7.73,-16.65,-5.49,-10,-14.72,,-14.32,-18.04,-9,-7,,-3,-15.77,-8.43,-11.84,-6.99,-7,-5,-8.62,-11.97,-12.6,-11.51,-12.26,-9.3,-5,-14.07,-26.89,-7,,-10.02,-9.3,-25.7,-5.8,-5,-15.46,-9.3,-3.51,-7.42,-24.13,-3.7,-7.2,-6.7,-15,-10.17,-28.93,-15.2,-7.2,-6.9,-5.5,-14.2,,-22.2,-18.39,-8.9,5.3009718498,8,17,25
Houston,Cincinnati,9,7.96,7.46,,3.66,6.16,5,5.9,4.25,3,6.94,7.61,9.83,4.87,4.72,4.13,8,4.84,,4.3,6.89,8,9,,2,11.17,6.27,7.81,11.81,10.5,-7,7.6,5.83,4.4,8.32,4.67,6.5,-4,6.07,-2.51,7,,10.9,6.17,5,4.7,6,4.23,10.2,4.67,9.61,14.39,9,6.5,14.2,10,7.19,-3.96,4.5,2.9,5.9,8,5,,11.04,8.47,5.44,3.2814940886,8,35,6
Jacksonville,Cleveland,7,8.16,5.22,,6.11,5.34,4,3.21,5.9,3,3.66,6.01,7.51,4.55,2.49,3.85,5,5.72,,5.58,0.77,4,7,,3,10.63,5.88,4.46,7.46,6,-5,6.44,6.73,3.5,6.82,6.41,3,3,4.7,12.13,10.4,,7.71,5.25,1.7,3.6,8,5.68,1,4.47,9.67,7.48,10.4,10,9.2,7,4.61,13.4,2,3.5,5.7,5,8.7,,6.92,5.07,5.27,2.7805067106,8,17,23
Miami,Buffalo,0,-4.14,3.45,,-3.78,0.15,-3,5.01,-0.41,3,-4.44,2.15,-4.27,0.54,8.3,1.5,-2,8.04,,8,-3.3,-3,0,,-0.5,-8.23,-1.24,-1.14,-3.05,-2,1,-2.66,5.13,-2.2,-4.04,0.81,-1.5,3,1.17,-32.46,-7.79,,-0.6,-0.46,8.8,-2.2,2,1.19,-0.1,0.4,-4.4,-12.03,2.2,-2,1.8,2,1.93,-28.86,-0.5,2.9,-1.8,-0.5,-1.9,,-6.47,-0.73,-0.15,5.8996131471,8,25,16
N.Y. Jets,Kansas City,14,9.91,12.9,,15.63,12.34,11,15.37,16.52,4,9.77,9.75,10.8,13.55,12.74,12.3,11,17.73,,18.85,20.55,16,14,,7.5,7.47,15.31,11.73,12.69,10.5,6,6.43,15.43,11.7,10.28,12.59,10.1,11,17.44,20.35,9.34,,25.28,11.82,17.4,5.4,9,15.46,16.3,7.6,12.62,2.22,16.7,9,17.5,14,18.25,20.27,17.7,11.4,11.3,10.5,17.3,,8.44,11.91,9,3.5192412547,8,28,24
New England,St. Louis,8,8,8.61,,17.72,10.13,12,18.16,13.93,3,8.18,10.08,8.51,10.73,17.47,10.69,9,16.98,,17.57,2.64,18,8,,10,6.13,12.58,14.25,8.73,7.5,4,5.09,14.63,7.2,8.37,21.38,6.7,8,13.65,-2.14,7.5,,18.8,10,8.7,4.1,12,13.01,7.4,6.44,9.16,0.18,15.7,10.4,7.6,7,13.21,9.43,17,3,10,10.5,-1,,7.37,12.76,7.19,4.1466171856,8,23,16
New Orleans,San Diego,-3,3.67,2.64,,-0.55,0.89,1,0.14,5.2,7,1.6,-6.15,6.08,3.15,-1.5,3.39,-1,2.11,,2.01,7.14,-3,-2,,1,3.44,3.86,0.01,-1.01,-3,-2,3.4,2.43,0.4,2.84,-3.07,-2.7,-6,3.27,31.17,1.56,,-1.49,1.25,4,0.7,4,0.39,0.3,1.61,0.31,0.02,2.1,-1.5,-7.5,4,1.91,28.53,1.5,3.1,-2,-1,7.2,,0.13,0.13,5.29,5.3399356937,8,37,32
Philadelphia,Atlanta,9,6.22,7.85,,11.19,7.55,9,11.5,9.65,4,4.86,7.19,3.3,6.3,5.08,5.27,5,7.04,,7.27,0.18,13,9,,6,1.45,11.76,4.03,5.12,7.5,3,3.08,7.83,4.6,1.36,13.69,5.5,4,9.9,3.28,1.49,,16.69,7.11,11.8,2.9,8,8.48,8.8,6.74,5.24,-4.25,14.8,7,14.2,13,9.9,12.41,8.2,6.5,9.7,4,15.3,,6.46,8.98,5.03,3.4852390795,8,27,14
Pittsburgh,N.Y. Giants,2.5,7.67,5.59,,1.33,5.63,6,2.45,11.16,3,3.69,5.87,9.18,-0.27,8.25,-0.67,2,6.99,,7.85,8.99,5,3,,-0.5,7.83,7.52,3.28,9.52,2.5,3,3.99,8.33,7.2,4.59,3.24,6.3,4,5.98,-5.07,7.14,,11.33,5.73,4.1,4.4,4,4.53,11.7,7.09,3.57,4.78,2.4,2.4,0.5,10,10.94,-5.05,9.4,5.5,7.5,3,4.6,,1.44,1.95,7.64,3.4968799907,8,14,21
San Francisco,Seattle,5.5,6.46,6.82,,3.65,4.87,2,3.33,7.14,3,2.12,2.18,5.42,6.48,6.13,5.85,4,8.76,,9.52,16.76,2,5.5,,-1.5,4.94,7.55,5,4.04,6,2,3.42,7.33,3.1,3.96,0.74,2.8,7,7.49,5.93,5.06,,6.39,4.97,-1,0.9,1,6.55,1.1,3.48,6.8,-0.46,9.5,3.9,12.5,8,7.24,6.12,7.2,7.6,1.3,7,7.9,,3,3.16,2.46,2.6459976008,8,13,34
Tennessee,Indianapolis,4,13.4,5.44,,2.68,8.62,5,6.83,14.39,4,14.36,7.46,10.41,9.77,7.88,8.15,8,8.12,,8.55,3.33,4,5,,1,15.2,12.16,8.06,11.89,3,3,10.19,11.63,11.7,10.18,6.32,8.8,6,12.26,11.97,7,,7.89,8.87,3.1,6.3,6,10.54,11.7,12.94,11.96,14.88,3.5,6.2,9.5,9,12.5,21.48,13.3,4.5,9.6,1,4,,11.02,8.93,9.64,4.1842645674,8,31,21
Buffalo,N.Y. Jets,5,9.8,6.11,6,7.18,5.29,4,-0.31,8.3,4,4.44,2.51,10.71,4.09,4.61,4.05,4,7.99,,7.72,18.35,3,5,7.56,2,10.03,9.9,4.25,8.13,5.5,-1,,6.94,5.5,5.48,3.51,4.5,4,,,8.17,,4.14,4.88,3.7,7.1,4,5.29,3.5,4.88,4.87,,5.5,7.5,3.5,4,6.75,,8.9,3.8,5.3,5,4.5,,8.04,6.4,0.02,2.4977992059,9,17,26
Chicago,Detroit,12.5,19.07,18.95,20,16.93,16.75,13,21.23,23.38,6,15.82,19.25,18.78,14.51,18.09,13.48,13,25.13,,25.43,12.98,18,12.5,23.26,4,21.09,20.21,17.38,23.65,12.5,17,,21.64,19.5,18.72,19.55,13.7,11,,,7,,12.56,17.69,25.3,13.4,9,23.79,18.2,12.02,12.02,,12.1,12.8,10.7,13,24.9,,24.3,12.3,12.6,19.5,16.2,,23.78,23.72,8.97,4.8039951297,9,27,23
Cincinnati,Jacksonville,-7.5,-5.61,-8.02,-8,-8.44,-5.68,-6,-6.56,-2.61,3,-6.06,-11.02,-4.27,-4.58,-6.66,-3.09,-7,-7.42,,-6.71,-22.34,-9,-7.5,-6.6,-0.5,-7.35,-4.34,-7.7,-4.57,-8,-10,,-4.26,-6.2,-6.66,-4.32,-5.9,-2,,,-7,,-7.61,-6.43,-7.7,-0.3,-4,-7.5,-12,-2.28,-4.91,,1.7,-6.9,-9.2,-8,-6.26,,-7.7,0.7,-5.7,-9.5,-5.2,,-8.85,-8.2,-4.48,2.8129125588,9,21,19
Cleveland,Baltimore,1.5,2.48,-2.38,0.25,6.76,2.09,5,5.24,4.82,1,-3.79,3.7,5.7,-0.85,1.7,0.79,1,1.32,,1.6,9.94,6,1.5,2.35,1,3.62,1.3,5.08,0.31,2.5,-1,,-0.16,0,2.68,2.17,4.5,3,,,0.25,,-0.37,1.7,1,4.8,1,0.92,5,1.21,0.15,,12.6,1.7,6.7,4,3.18,,0.9,1.4,3.4,-10.5,-4.4,,9.59,6.74,2.12,2.9765636414,9,27,37
Denver,Miami,4,3.14,-3.59,3,-0.81,0.6,2,-1.01,4.85,3,1.6,-0.27,5.41,1.34,-4.17,1.83,1,-2.22,,-1.35,-11.53,4,3.5,-0.34,3,5.39,0.56,3.45,0.23,3.5,-3,,0.94,-1.6,1.37,2.8,-2.1,3,,,2.05,,3.19,1.22,-7.7,2,3,-3.56,-6.9,1.68,2.66,,10.8,5.9,-4.2,-8,-4.8,,-2.8,1.1,2.8,-2.5,-4.5,,3.31,4.17,3.59,3.6540565412,9,17,26
Indianapolis,New England,6.5,6.08,-5.81,1,0.58,3.94,0.01,5.33,6.07,3,-4.25,3.39,5.07,-0.39,5.14,0.52,1,10.84,,10.38,13.35,0.01,6.5,6.78,1.5,3.04,9.33,-0.74,5.06,6.5,2,,5.54,5.3,1.06,2.97,1.6,-3,,,2.52,,3.19,3.58,10.8,3.5,1,5.98,4.5,3.81,3.66,,0.3,3.2,7.5,8,10.03,,8.3,7.5,2.6,3,13.7,,0.6,4.74,5.16,3.5964925925,9,18,15
Kansas City,Tampa Bay,-8.5,-10.35,-8.34,-9,-11.05,-10.71,-9,-13.55,-8.55,2,-8.87,-12.34,-3.27,-9.93,-10.96,-6.65,-8,-17.81,,-17.47,-16.84,-14,-8.5,-15.59,-5.5,-7.81,-14.34,-9.24,-7.68,-9,-17,,-11.36,-13.6,-10.64,-10.78,-6.8,-4,,,-9.76,,-21.8,-9.81,-24.3,-4.3,-9,-16.84,-10.7,-7.91,-9.24,,-3.5,-8.2,-3.1,-14,-17.48,,-17.5,-7.5,-9.7,-16,-20.6,,-11.98,-14.13,-5.8,4.2593625352,9,27,30
Minnesota,Houston,4.5,8.49,5.37,5,9.71,5.57,8,4.98,11.48,3,1.72,2.47,9.06,2.63,5.27,2.54,3,6.69,,7.24,8.77,1,4.5,5.62,4,7.97,9.17,5.69,7.15,4,1,,7.34,5.9,5.8,7.15,3.4,4,,,7.1,,4.13,5.49,7.5,6.1,3,7.08,-0.2,4.8,4.63,,12.5,6,3,5,7.4,,7.4,6.2,4.1,10.5,8.5,,2.31,5.3,4.06,2.8435234124,9,28,21
N.Y. Giants,Dallas,8.5,7.32,3.25,7,2.02,6.24,7,5.26,6.68,6,5.02,6.56,7.5,8.26,4.81,7.64,7,4.45,,3.46,3.23,9,8,5.97,0.5,8.86,6.28,4.04,10.17,7.5,7,,4.84,4.2,6.37,0.57,6.3,8,,,3.68,,19.14,6.35,-1.4,5.8,4,7.23,9.9,4.04,2.84,,5,6,7.1,5,8.5,,6.9,3.4,4.8,12,10,,7.36,6.32,2.6,2.5847919538,9,35,14
Oakland,Atlanta,-3,-4.58,0.97,-5,-6.9,-3.47,1,-1.29,-1.02,-1,-4.09,0.18,1.63,-3.5,-5.12,-2.1,-3,-9.5,,-9.64,-26.75,-2,-3,-8.43,1,-4.36,-5.33,-3.92,-4.18,-3,-9,,-2.56,-6.9,-6.54,-0.31,-2.2,-3,,,-6.49,,-4.04,-3.29,-15.8,-1.3,-2,-7.94,-4.8,-2.05,-3.07,,6.5,0.2,-6.2,3,-10.72,,-8.6,-2.7,-1,-8,-1.3,,-6.6,-4.08,0.4,3.8346697463,9,0,24
Seattle,Philadelphia,-7,-6.81,-8.3,-7,-4.87,-6.43,-1,-9.25,-5.95,1,-6.54,-3.88,-0.28,-5.36,-7.87,-3.94,-6,-9.11,,-10.35,1.87,-5,-7,-10.09,-0.5,-5.37,-8.98,-5.22,-7.4,-6.5,-10,,-5.96,-8.2,-5.97,-7.52,-3.6,-1,,,-8.61,,-8.14,-5.97,-21.8,-0.7,-4,-10.94,-5.2,-5.53,-4.71,,4.1,-4.7,-9.5,-14,-9.86,,-11.6,-6.5,-0.9,-13,-14.9,,-4.58,-7.7,-3.33,4.2429493617,9,7,26
St. Louis,Arizona,-3,-4.69,-2.01,-6,-4.43,-5.2,-2,-10.34,-5.89,-3,-4.72,-6.29,0.8,-6.67,-5.6,-5.95,-5,-10.97,,-11.26,1.96,-5,-3,-9.58,-6.5,-0.7,-11.23,-4.85,-5.58,-3,-11,,-5.76,-6.4,-3.42,-12.33,-1,-4,,,-2.46,,-3.55,-4.93,-17.4,1.5,-3,-11.56,-2.4,-4.09,-3.81,,1,-2.3,-3.8,2,-9.41,,-14.3,-1.7,-4,-7.5,-10,,-1.65,-6.89,-2.47,4.1997749278,9,13,34
Tennessee,Green Bay,4.5,12.57,2.47,11,2.9,7.71,5,8.65,10.82,3,6.92,9.41,9.79,8.64,8.55,8.94,7,9.69,,9.78,0.5,4,5,9.78,2.5,15.71,9.74,7.2,12.95,4.5,8,,10.94,9.8,9.05,5.57,6.5,4,,,7,,5.79,8.58,4.9,9.1,6,8.61,7.4,12.09,4.41,,4.8,6.5,7.1,10,9.45,,9.6,2.4,7.6,1,-0.6,,11.64,9.53,7.5,3.0676807847,9,19,16
Washington,Pittsburgh,2,2.77,4.66,1,-1.98,0.51,0.01,0.98,2.48,-1,-0.54,-1.97,3.98,0.11,1.54,1.4,1,-4.96,,-4.79,-14.41,-4,2,0.27,2.5,5.5,0.91,2.68,-0.82,2.5,-8,,2.04,0.4,2.34,1.17,2.9,-4,,,-2.88,,-5.58,0.66,-0.7,5.4,0.01,-1.15,-1.3,-2.63,1.38,,5.7,1.8,0.3,6,-1.14,,-0.4,1.9,1.6,6.5,-0.5,,4.98,2.85,0.95,2.3531515342,9,6,23
Arizona,San Francisco,9.5,14.73,10.29,15,17.87,13.09,13,15.38,16.2,3,15.19,13.4,10.89,10.32,18.51,9.81,11,17.42,,17.66,18.94,17,10,17.42,7,16.5,14,15.82,18.45,11,2,10.04,14.83,15.6,13.45,11.66,15.7,7,,,7,,5.01,13.45,24.6,13.5,8,14.76,24.9,11.12,8.43,,13.4,10.3,8.6,13,17.96,,17.8,6.9,12,10,14.1,,13.1,14.24,11.46,4.1254542929,10,29,24
Atlanta,New Orleans,1,6.03,6.18,5,0.33,3.24,1,-0.73,6.05,10,2.83,-1.18,8.28,3.51,6.3,3.25,4,6.09,,6.52,21.44,0.01,1.5,5.85,0.01,7.15,4.93,1.44,7.18,0,0.1,4.05,3.23,5.5,4.85,-1.33,4.2,3,,,7.69,,-7.82,4,4,6.9,2,3.65,5.1,4.45,0.64,,-0.6,3.5,-2.1,5,7.53,,7.6,4.1,0.3,-0.5,-5.2,,2.89,1.08,4.28,2.6933347271,10,34,20
Chicago,Tennessee,-3,-3.07,1.3,-5,-1.96,-2,-1,-1.37,-1.64,-3,-2.02,-4.49,-2.93,-1.19,-2.89,-1.54,-2,-0.5,,0.24,-8.76,-1,-3,-0.22,-1,-7.1,0.25,-1.97,-4.27,-3,-10,-2.53,-1.77,-1.3,-2,-0.57,-2.4,6,,,-7,,-1.86,-1.86,-0.5,0.01,0.01,-0.19,-4.8,-2.26,-2.73,,1.3,-0.1,-5.1,-8,0.17,,-0.6,2,-1.1,-5.5,-2.3,,-6.57,-3.97,-4.09,2.1768680839,10,14,21
Cleveland,Denver,3,7.57,2.71,4,9.39,6.36,9,12.58,5.94,-4,3.1,7.11,-0.89,3.44,11.48,3.84,2,9.96,,9.88,16.45,6,3.5,9.61,0.01,6.55,8.89,8.36,9.09,3,2,4.94,7.03,9.1,6.35,5.25,11.1,5,,,8.13,,-0.11,6.9,14.5,9.5,2,7.38,17.2,6.84,3.98,,6.2,0.5,6.9,9,12.46,,13.2,2.5,7,-3,-1.3,,6.63,9.6,5.71,4.0677729628,10,30,34
Detroit,Jacksonville,-6.5,-4.52,-4.85,-8,-5.87,-4.32,-5,-10.31,-8.22,-3,-1.53,-4.89,-7.5,-2.79,-3.05,-2.33,-6,-6.5,,-6.24,-10.54,-8,-6.5,-5.44,-2,-9.02,-3,-6.02,-1.33,-7,-7,-3.51,-5.57,-4.6,-3.29,-11.5,-0.9,3,,,-7,,-5.27,-4.85,-7.9,-1.7,-4,-6.83,-0.8,-1.43,0.38,,-1.1,-5.7,-9.2,-7,-3.95,,-3.3,1.7,-5.7,-7,-1,,-14.1,-12.21,-4.59,3.0970506167,10,14,38
Houston,Baltimore,1,-4.62,0.24,-3,7.28,-1.75,-3,0.48,-1.9,3,-5.51,0.99,1.19,-1.23,-6.86,-0.12,-1,-3.34,,-2.95,6.17,2,0.5,-3.32,2,-5.59,-3.72,2.05,-5.69,2,-7,-1.25,-5.27,-4.8,-1.29,-0.22,-3.4,5,,,-9.9,,-9.52,-2.52,-4.3,-2.7,2,-3.22,-4.3,-1.56,-1.63,,12.1,1,-2.6,-4,-2.48,,-6.3,0.4,-0.1,-3.5,-2.7,,1.37,0.92,-1.98,3.9309234296,10,13,41
Miami,Seattle,8,10.2,9.47,9,5.18,7.93,4,9.16,7.89,3,7.18,4.95,5.42,8.1,9.36,6.89,8,10.78,,11.36,-0.27,3,8,11.55,5,10.69,9.74,4.45,9.74,9,4,7.15,9.33,9.8,8.34,5.72,6.2,8,,,11.54,,9.28,8.1,10.4,9,5,12.48,6.9,7.19,6.37,,6.8,10,4.8,14,12.61,,10.5,8.7,4.8,10.5,9.3,,6.93,8.04,6.89,2.3004617306,10,21,19
Minnesota,Green Bay,2.5,2.45,-1.12,1,-0.95,0.69,2,-0.97,0.54,6,-2.28,-1.92,3.63,0.23,-2.24,0.63,1,-0.35,,-0.07,-9.7,-2,2,-0.16,2.5,3.63,1.08,-0.66,0.58,3,-8,2.96,0.53,1,1.87,-1.18,-1.4,-2,,,3.67,,13.61,0.58,-1.1,2.5,3,0.2,-4.7,0.55,1.3,,6.3,2.1,4.7,5,-0.26,,-1.1,0.8,0.6,3.5,-0.8,,2.84,0.93,0.25,2.1522047499,10,28,27
N.Y. Jets,St. Louis,9,8.11,12.31,11,12.73,9.82,9,12.66,11.07,6,9.04,12.22,8.74,11.95,9.1,11.68,10,13.64,,14.1,18,10,9,13.03,2.5,7.1,11.27,8.06,11.05,7,15,6.04,11.03,10.2,9.18,15.38,6.8,11,,,3.33,,14.29,10.2,4.3,8.8,9,13.53,9.7,7.75,4.95,,11.4,6.4,5.4,14,13.06,,12.8,6.7,10.3,12,15.5,,3.45,8.06,8.17,2.7582256178,10,47,3
New England,Buffalo,3.5,2.11,3.54,4,7.52,3.89,9,9.43,2.86,3,3.77,6.81,4.39,3.55,4.34,3.52,3,2.21,,2.06,1.68,13,3.5,2.74,0.01,1.95,2.25,8.84,5.38,4.5,-3,2.69,1.93,3,3.25,8.91,7.4,8,,,-2.81,,3.41,3.25,-1.1,5.5,6,2.35,11.2,2.81,2.81,,11.1,2.6,1,3,5.29,,4.3,0.3,6.4,0.5,-5.4,,8.01,8.72,4.91,3.2552934715,10,20,10
Oakland,Carolina,-9.5,-11.9,-8.63,-10,-16.89,-9.67,-7,-11.4,-7.72,-10,-11.74,-12.97,-4.16,-8.68,-10.6,-5.84,-9,-15.85,,-15.96,-19.1,-12,-9.5,-14.52,-4.5,-9.83,-15.29,-10.09,-7.29,-7.5,-14,-5.4,-10.07,-10,-12.18,-5.85,-9,2,,,-10.7,,-7.99,-10,-23.1,-5,-6,-16.32,-16.5,-8.45,-7.82,,1.2,-6.1,-6.7,-12,-17.19,,-18,-5.8,-7.6,-14,-14.1,,-12.37,-11.89,-3.94,5.0390146625,10,6,17
Philadelphia,N.Y. Giants,3,-0.46,-2.31,-1,-0.41,1.98,1,2.28,6.16,3,1.95,-0.19,3.58,1.64,3.05,1.62,1,5.12,,6.56,15.48,2,3,3.21,0.01,-3.24,3.41,-0.69,-2.25,3,1,0.63,3.63,2.3,0.26,5.18,3.9,5,,,-0.48,,1.92,2,2,2.9,3,3.37,3.8,2.84,0.31,,5.8,1.5,-5.1,-3,3.74,,2.3,7.6,3,-2,5.9,,-1.25,0.52,2.62,2.2420792514,10,31,36
Pittsburgh,Indianapolis,4.5,9.75,10.77,7,3.75,8.14,7,5.22,6.68,3,11.03,6.65,6.46,9.36,8.93,7.53,6,13.28,,13.67,7.89,7,5.5,11.39,-0.5,9.72,9.79,5.52,11.65,3,9,6.31,9.93,9.2,8.83,3.73,6.6,7,,,7,,4.91,8.1,7.8,8.1,7,9.74,9.9,11.57,6.11,,2.6,5.4,-0.2,13,11.62,,12.9,7.4,9.4,5.5,6.9,,4.79,5.01,8.29,2.7215073493,10,20,24
San Diego,Kansas City,14.5,10.46,12.43,13,20.46,13.25,13,18.03,17.23,6,9.64,16.78,11.37,11.6,9.92,11.18,12,15.71,,16.14,20.05,20,14.5,14.77,11.5,8.67,12.26,14.19,12.55,14,20,7.22,12.03,11.7,11.07,18.6,10.1,6,,,10.2,,26.97,12.55,8.6,9.4,11,16.25,11.4,9.3,8.16,,18,11.9,23.6,13,15.95,,14.4,14,13.8,17.5,17.7,,13.64,15.83,5.49,3.5319563652,10,20,19
Atlanta,Denver,6.5,9.46,10.06,8,10.17,8.04,7,9.32,10.73,11,8.64,10.29,6.6,7.33,10.36,6.62,7,10.58,,10.9,23.56,7,6.5,11.07,0.01,7.68,11.47,8.37,,4,2,5.57,8.52,9.6,8.72,2.45,11.3,8,,,9.65,12.25,18.49,8.2,11.9,8.3,4,10.4,,8.09,5.71,,3.1,3.5,3.1,10,12.69,,14.9,7.5,5.8,7.5,5.2,,4.19,5.75,6.21,3.0156357246,11,20,24
Buffalo,Cleveland,5.5,2.87,8.56,4,2.63,2.4,2,-5.64,3.35,7,3.34,1.33,6.92,4.94,-0.1,4.4,4,0.13,,0.69,4.06,1,4.5,2.95,3.5,4.92,0.69,1.18,,4,-3,3.22,2.42,1.6,3.18,0.12,1.2,7,,,0.13,-0.7,7.1,2.61,-8,3.6,5,2.29,,2.09,1.85,,5,5.8,8.3,-2,-1.06,,-1.1,4.7,3.3,0.5,3.6,,0.5,-2.57,-0.48,3.1546798104,11,27,29
Carolina,Detroit,14,21.84,15.27,19,16.72,16.39,16,21.66,20.53,11,17.25,12.17,17.66,15.19,17.07,13.01,15,20.28,,20.77,22.9,17,14,22.08,5.5,26.28,19.8,17.66,,14,12,14.93,18.72,18.8,19.7,16.8,14.8,10,,,7,18.91,14.11,16.76,16.8,14.2,11,22.92,,13.87,13.09,,14.9,13,10.5,21,21.21,,21.3,13.1,14.7,21,16.9,,25.21,23.44,10.92,4.0886363324,11,31,22
Cincinnati,Philadelphia,-9,-9.12,-12.43,-10,-12.32,-9.39,-7,-12.55,-12.5,-7,-13.31,-7.1,-4.89,-9.08,-10.97,-7.34,-9,-13.41,,-13.2,-14.34,-12,-9,-10.33,-2,-6.72,-12.81,-10.2,,-9.5,-6,-4.11,-10.28,-9,-8.6,-8.52,-9.9,-7,,,-7.5,-14.4,-12.13,-9.36,-15.5,-3.8,-6,-12.64,,-7.28,-7.5,,-1.9,-8,-12.1,-10,-13.44,,-14.4,-9.6,-8.7,-15,-16.4,,-5.32,-8.93,0.72,3.3606383947,11,13,13
Green Bay,Chicago,3.5,0.6,-0.53,1,0.78,2.57,6,4.1,0.28,-7,1.42,6.87,0.05,2.18,4.2,2.24,2,1.14,,1.07,-13.4,6,3.5,1.9,2,-0.27,1.5,3.06,,4,-3,1.33,1.22,1.6,0.54,4,5.4,-3,,,-1.21,5.25,5.34,2.21,0.5,4.6,4,0.77,,2.35,2.35,,5.2,4.8,3.5,0.01,2.4,,3.6,6.2,4.5,3.5,3.9,,2.49,3.3,1.9,2.1990556415,11,37,3
Indianapolis,Houston,7.5,10.39,5.6,11,12.97,8.51,12,8.54,10.67,7,6.53,9.35,5.8,5.3,10.02,4.89,6,9.94,,9.92,21.51,11,7.5,10.98,5,11.74,9.11,8.34,,9.5,6,7.23,8.02,9.3,9.49,9.64,9.7,13,,,10.67,11.61,3.89,9.06,5.2,9.5,6,10.92,,6.79,8.45,,8.4,7.4,7.1,9,10.74,,10.8,6.3,8.5,8,5,,10.64,9.59,10.15,2.352012655,11,33,27
Jacksonville,Tennessee,-3,-10.98,-4.93,-9,-4.14,-5.33,-1,-4.38,-7.63,0.01,-7.82,0.13,-8.34,-3.65,-8.28,-2.6,-5,-8.74,,-8.51,-18.79,1,-3,-7.83,-0.5,-14.99,-8.31,-5.16,,-3,-1,-6.29,-8.08,-8.5,-8.7,-2.59,-4.8,-4,,,-7,-6.55,-2.56,-5.67,-10.3,-5.5,1,-7.8,,-7.14,-9.48,,4.6,-0.4,-1.8,-6,-8.7,,-9,-2.9,-0.7,-4,-5.2,,-9.78,-7.08,-5.84,4.0966472252,11,14,24
Kansas City,New Orleans,-5.5,-4.89,-2.42,-6,-6.13,-4.71,-6,-10.47,-5.1,7,-3.5,-7.16,-1.53,-3.95,-1.35,-3.52,-5,-5.64,,-6.2,-2.73,-6,-5.5,-5.27,-7,-4.71,-5.07,-6.03,,-4,-5,-1.69,-2.58,-2.9,-4.27,-6.47,-3.5,3,,,-6.26,-3.43,-17.07,-5,-10.7,1.4,-5,-5.43,,-1.81,-0.08,,-4.6,-2.3,-9.8,-6,-4.84,,-2.9,-5.3,-5,-9.5,-10.6,,-8.3,-9.39,-1.37,2.7780769299,11,20,30
Miami,Oakland,10,11.49,7.48,11,7.14,10.05,9,11.6,12.63,10,10.68,8.58,6.92,11.51,10.62,9.86,10,13.81,,13.53,1.32,11,10,13.96,4,10.75,13.53,7.78,,10.5,3,7.96,10.72,11,11.86,8.22,9.9,6,,,7.3,11.91,10.42,10.46,10.5,10.8,10,15.44,,9.29,9.53,,8.9,10,8,10,15.42,,12.5,10.9,10,14.5,11.4,,15.37,13.48,7.91,2.2993509132,11,17,15
N.Y. Giants,Baltimore,7,6.51,1.62,6,8.43,5.09,5,8.5,3.75,7,2.95,5.06,5.99,4.62,1.12,4.81,6,3.77,,3.51,9.11,6,7,5.05,4,7.22,5.74,6.99,,6,-3,5.06,2.02,3.6,6.37,6.23,1.4,4,,,6.77,3.2,9.19,5.18,0.6,4.2,8,5.68,,3.37,5.78,,8.7,6.7,7.9,8,3.29,,5.3,6,6.8,5.5,10.1,,10.86,9.68,5.88,2.0836835112,11,30,10
New England,N.Y. Jets,3,2.91,1.17,3,5.52,2.13,4,6.2,0.07,6,1.67,5.07,2.25,1.25,0.86,1.75,1,0.53,,0.29,4.92,5,3,1.41,0.5,3.34,2.48,6.13,,4,5,3.24,1.72,2.1,2.22,7.29,-0.7,6,,,2.1,0.28,0.73,1.78,-2.5,4.8,6,0.14,,1.78,3.85,,8.8,4.6,4.2,-6,-0.55,,1.4,0.1,2.9,-5,-3.9,,6.92,6.56,1.54,2.4654599516,11,31,34
Pittsburgh,San Diego,5,11.07,8.41,9,6.85,8,7,7.16,6.93,7,6.86,7.86,7.97,6.07,7.42,5.41,5,10.14,,9.72,9.64,7,5.5,10.49,1.5,10.5,11.75,6.88,,4,3,7.11,7.32,8.5,9.03,3.3,6.1,6,,,10.5,8.45,13.22,7.65,15.3,7.4,7,8.1,,9.49,8.28,,5.9,4.9,6.4,9,10.49,,13.2,5.3,6.4,7.5,5,,8.43,7.79,11.11,2.6077011996,11,11,10
San Francisco,St. Louis,6.5,3.58,7.33,5,8.64,5.3,3,4.95,7.47,3,3.49,3.32,1.22,7.76,0.68,9.07,6,8.12,,8.21,8.71,6,6.5,7.66,-2,-2.42,12.6,2.3,,6,2,2.41,4.42,4.3,4.54,9.93,3.2,8,,,-3.47,3.15,10.86,5.1,-0.9,0.8,6,10.61,,5.86,7.04,,8.8,5,4.8,12,10.06,,13.7,6.2,5.2,15,9.2,,-0.39,2.28,-1.23,3.8065597958,11,35,16
Seattle,Arizona,-3,-8.97,-3,-8,0.13,-4.69,-1,-6.99,-7.61,7,-6.73,-4.62,-3.49,-4.46,-5.17,-3.44,-6,-6.46,,-7.17,-2.88,-5,-3,-7.57,-4.5,-9.9,-8.27,-2.59,,-1.5,-4,-3.58,-5.38,-5.2,-5.99,-3.51,-3.8,-6,,,-6.32,-5.46,-2.89,-4.81,-13,-2,-1,-8.24,,-3.14,-4.62,,6.8,-6.4,-2.5,-9,-6.95,,-6.5,-3.6,-2.3,-3,-7.5,,-5.38,-6.19,-3.35,3.3838288194,11,20,26
Tampa Bay,Minnesota,4,5.44,2.19,6,11.92,5.85,3,6.2,8.15,7,4.8,6.92,8.64,7.54,5.1,6.52,5,7.71,,7.43,13.53,7,4,8.99,0.5,5.01,5.88,5.48,,4,-3,4,7.22,6.6,4.79,3.53,3.4,6,,,3.41,5.2,3.88,6,1.5,6.4,6,8.1,,7.5,5.18,,10.8,5.7,0.3,10,7.08,,6.2,4.7,7.1,13,3.9,,1.05,3.63,5.31,2.3452650313,11,19,13
Washington,Dallas,-1,2.85,3.98,3,-1.7,2.31,2,5.53,2.55,-8,1.23,1.54,2.62,3.45,2.28,3,2,2.3,,1.73,-3.93,2,0,3.06,1,4.64,1.28,3.2,,-2.5,-6,3.61,2.12,2.6,4.38,-0.05,2.7,4,,,4.13,3.63,2.54,2.59,-2.5,2.6,2,3.18,,2.58,1.48,,5.4,5.7,-3.1,-1,2.57,,2.8,3.5,1.6,7,-1,,4.04,4.78,5.99,1.7329519188,11,10,14
Arizona,N.Y. Giants,-3,-2.51,-2.29,-5,-1.04,-2.84,-2,-1.36,-4.7,6,-3.45,-5.93,-2.25,-0.47,-4.44,-0.28,-2,-4.37,,-3.6,9.3,-5,-3,-2.12,-0.5,-3.1,-2.02,-2.81,-6.29,-3,-7,,-1.88,-2.5,-3.35,0.29,-4.7,3,,,-5.27,-4.34,-5.16,-2.49,-8.3,-1.5,-1,-2.48,-10.1,-2.08,-2.24,,3.2,0.01,-6.1,-1,-4.9,,-7,3.6,-0.5,-2.5,0.4,,-3.22,-2.29,0.57,2.7358221393,12,29,37
Atlanta,Carolina,1,-0.42,4.71,-2,-1.37,0.5,0.01,-3.01,-0.91,7,0.18,4.17,1.06,0.34,-0.08,1.18,1,-0.56,,-0.22,11.52,1,1,0.83,-1.5,-1.28,0.42,-0.88,-1.27,1,-6,,0.12,0.9,-1.06,-2.79,0.5,3,,,-2.51,0.9,4.91,0.46,-1.6,1.1,1,0.32,2.3,0.65,-0.22,,5,1,2.3,-5,0.79,,1.5,3.9,-0.1,2.5,-1.4,,-0.96,-1.98,1.31,1.8508080389,12,45,28
Baltimore,Philadelphia,2,4.87,2.5,3,2.38,2.56,4,0.82,4.64,3,2.81,2.57,8.81,1.66,4.91,1.64,1,2.55,,2.08,6.31,2,2,4.37,-1,7.72,1.36,3.42,7.91,0,-6,,3.22,4.6,4.07,-2.35,5,3,,,5.53,3.42,-1.31,2.57,2.2,6.8,0.01,1.8,7.8,3.24,5.31,,1.4,1.3,-4.3,3,3.55,,4,-0.7,1.9,-1,-6,,1.88,1.35,2.56,2.5010253612,12,36,7
Cleveland,Houston,3,6.32,4.33,6,5.28,4.8,7,8.74,6.2,3,5.24,5.68,6.93,4.41,4.72,4.18,3,5.16,,5.65,5.17,5,3.5,7.07,1.5,7.68,5.01,5.43,7.86,3,3,,5.92,6.5,6.03,5.05,2.8,7,,,6.03,6.18,-0.86,5.36,-0.3,6.9,1,7.73,3.8,4.53,2.42,,7.3,3.7,5.8,4,5.93,,5.9,3.7,4.9,-0.5,-2.9,,5.8,7.27,6.98,2.0406166785,12,6,16
Dallas,San Francisco,9.5,13.58,6.41,13,12.57,10.07,10,9.03,7.16,4,7.52,13.59,15.22,5.6,10.27,5.28,8,9.67,,10.37,2.91,11,9.5,13.09,8,16.48,11.21,12.86,13.01,11,5,,9.92,11.3,10.46,14.72,6.1,5,,,12.08,9.25,10,9.93,22.4,13,11,9.17,7.8,7.59,8.1,,11.3,7.4,4.7,14,9.86,,10.1,7.9,9,6.5,9.9,,10.88,9.95,9.32,3.5915242707,12,35,22
Denver,Oakland,8.5,10.35,5.11,12,8.2,9.18,9,5.2,8.28,1,9.07,11.55,12.15,9.12,7.28,8.11,9,8.2,,8.68,3.65,12,8.5,10.82,6.5,11.05,10.36,8.51,15.28,10,9,,7.72,8.1,10.82,8.07,7.6,7,,,7.74,8.65,9.09,9.1,6.3,9.5,10,9.44,10.8,7.07,4.49,,11.2,10,4,11,9.51,,9.3,10.1,7.9,10,9.2,,16.24,10.72,8.35,2.2430578618,12,10,31
Detroit,Tampa Bay,-7.5,-13.89,-9.65,-15,-9.27,-10.66,-8,-11.57,-14.51,1,-9.5,-6.09,-21.57,-8.44,-10.93,-6.4,-10,-13.87,,-13.57,-16.36,-11,-7.5,-14.15,-2.5,-16.28,-13.22,-7.45,-6.7,-9,-15,,-12.98,-12.3,-13.04,-11.04,-7.9,-4,,,-11.09,-10.29,-11.02,-10.6,-19.5,-10.6,-7,-15.46,-8.4,-7.14,-7.84,,-3.3,-8.1,-6.7,-17,-14.71,,-12.4,-7.6,-10.9,-12,-10.6,,-18.44,-15.01,-4.06,4.2076382924,12,20,38
Jacksonville,Minnesota,2,0.11,-1.58,1,2.18,1.74,2,4.84,0.88,-1,1.18,3.98,2.29,3.83,0.25,3.58,1,0.79,,1.06,-8.14,6,2,2.77,0.5,-0.68,0.87,2.11,-0.18,1,1,,1.72,1.2,0.67,4.05,0.4,3,,,-1.75,2.51,10.65,1.69,-7.7,1.7,3,1.67,3.4,2.97,0.16,,7.6,3.3,3.9,-7,1.54,,1.5,0.3,3.8,3.5,-0.3,,-0.31,2.26,2.55,2.4791827891,12,12,30
Kansas City,Buffalo,-3,-4.01,1.38,-5,-3.06,-2.59,-2,-2.34,-3.15,1,-2.61,-0.12,-8.16,-3.5,-0.09,-2.84,-4,-3.78,,-4.39,-3.52,-4,-3,-3.21,-7.5,-4.37,-3.63,-1.46,-1.15,-3,-11,,-1.78,-1.4,-3.01,-1.91,1,-6,,,-5.64,-0.14,-4.19,-2.77,-2.7,-1.4,-2,-3.39,1.9,-0.16,-2.58,,2.1,-3.3,-0.3,-4,-1.72,,0.01,-1.2,-3.8,-7,1,,-5.88,-4.11,0.47,2.2896961745,12,31,54
Miami,New England,1,3.21,-1.12,1,-8.57,0.71,-1,-1.73,-0.7,6,-0.52,-3.15,3.39,2.12,0.96,2.36,2,2.9,,2.58,-5.36,-9,1,3.64,1,3.94,2.48,-3.25,4.22,-1,2,,2.92,3.1,2.33,-2.48,-0.6,-3,,,0.19,-1.01,-8,1.65,1.9,3,0.01,3.19,-3.8,2.83,0.76,,-2.3,0.9,-1.7,6,3.2,,1.4,5.8,0.4,4.5,2.2,,3.29,0.78,3.23,3.1862726769,12,28,48
New Orleans,Green Bay,2.5,-0.32,-1.65,-1,-4.67,-1.59,0.01,-1.95,-4.03,3,-2.47,4.21,0.91,0.19,-3.59,0.67,1,-6.25,,-5.43,3.63,-6,1.5,-1.43,1.5,1.95,-3.73,-1.26,-2.41,2.5,-8,,-1.88,-1.4,-0.86,-2.48,-2.8,-4,,,-0.56,-5.14,3.54,-1.23,-11.1,-0.6,2,-2.82,-7.8,-1.92,-0.69,,3.8,-0.6,4.3,-4,-6.11,,-5.6,1.4,-0.5,-1,3.1,,-0.43,-1.19,0.08,3.0533817318,12,51,29
Pittsburgh,Cincinnati,10.5,15.84,12.11,13,10.83,13.23,13,18.77,18.4,3,13.52,7.87,20.89,14.77,11.22,11.87,12,17.25,,16.79,7.05,18,11,17.13,5.5,14.97,16.79,13.38,16.23,11,16,,13.82,13.3,14.5,13.37,9.2,8,,,7,15.9,11.49,13.56,11.6,12.3,12,16.72,13.6,13.6,9.85,,9.4,13.6,7.5,11,17.06,,15.8,13.8,14.1,14.5,11.4,,10.89,14.83,7.48,3.3188245553,12,27,10
San Diego,Indianapolis,2.5,-1.24,2.88,-1,0.45,0.94,1,0.65,1.79,4,2.51,-0.75,-0.95,4.49,0.29,4.15,2,-0.03,,0.63,3.38,1,2.5,1.35,0.5,-3.1,0.57,-0.14,-2.87,3,7,,2.92,1.3,-1.07,3.05,-1.4,4,,,-4.71,0.93,6.14,0.82,-10.2,1.5,2,3.59,-0.6,2.62,-1,,5.8,2.5,-2.9,3,0.61,,0.7,6.3,3.5,-0.5,4.2,,-5.72,-2.54,-4.27,2.7771551477,12,20,23
Seattle,Washington,-3,-5.58,-5.32,-5,-2.69,-2.99,2,-2,-0.99,-1,-1.04,0.08,-10.74,-1.08,-1.3,0.14,-3,-2.54,,-2.94,-9.8,-1,-3,-4,-5,-9.19,-2.48,-1.58,-2.51,-3,-7,,-1.88,-2.4,-4.34,-3.18,1.3,-5,,,-5.9,0.42,-8.13,-2.44,-15,-0.3,-1,-2.36,2.9,-0.5,-4.23,,3.3,-5.8,-6.1,-10,-1.84,,-1.8,-1.4,0.3,-6,-2.7,,-3.42,-2.71,-1.58,3.5922046443,12,17,20
St. Louis,Chicago,-7.5,-7.73,-2.63,-10,-12.75,-8.49,-3,-10.5,-13.07,3,-9.16,-6.43,-10.85,-6.27,-8.78,-6.49,-8,-15.52,,-15.78,-15.97,-7,-7.5,-12.07,0.01,-4.89,-13.24,-5.95,-6.99,-9.5,-18,,-10.18,-9.8,-9.64,-15.98,-5.6,-5,,,-4.98,-8.52,-9.54,-7.45,-20,-4.9,-3,-14.11,-8.3,-5.37,-7.16,,-0.8,-4.9,-5.9,-15,-15.24,,-17.4,-3.1,-7,-12.5,-3.6,,-2.28,-6.39,-0.4,4.485214723,12,3,27
Tennessee,N.Y. Jets,5.5,13.25,5.8,13,10.78,8.57,4,11.71,11.11,3,7.4,2.95,5.05,6.78,10.22,7.18,5,13.06,,12.91,16.2,5,5.5,12.37,3,14.86,12.43,8.18,12.06,5.5,5,,11.92,12,11.65,12.26,4,-1,,,7,9.49,12.3,8.79,12.5,11.3,6,9.39,9.6,12.43,6.88,,6.4,6.8,4.1,7,11.3,,12.3,6.1,7.8,7,4.5,,13.19,12.45,9.87,3.7636064581,12,13,34
Buffalo,San Francisco,6.5,8.82,5.48,10,9.16,7.21,7,6.3,6.63,3,8.22,10.05,6.56,7.42,8.05,6.8,5,7.44,,7.84,3.08,10,6.5,9.98,6.5,10.48,7.56,8.11,8.35,7,5,6.27,7.9,8.8,8.68,6.92,2.1,4,,,5.64,,4.44,7.43,7.2,10.2,6,8.67,10.3,6.66,8.84,,8.1,6.9,6.9,5,8.06,,7.3,2.5,,,-0.4,,4.66,5.48,5.55,1.8418153093,13,3,10
Cincinnati,Baltimore,-7,-10.43,-11.51,-10,-4.55,-9.12,-8,-11.08,-14.8,-3,-12.86,-12.37,-14.44,-9.42,-12.57,-6.57,-7,-13.52,,-12.84,-10.63,-12,-7,-10.5,-1,-9.43,-11.53,-7.75,-9.13,-7,-14,-4.13,-10.2,-9.3,-8.1,-3.53,-13,-5,,,-10.15,,-6.98,-9.72,-13.6,-8.3,-3,-11.1,-18.9,-5.86,-5.38,,5.2,-6.4,-10.2,-11,-14.29,,-13.2,-4,,,-4.5,,-3.9,-7.49,-0.51,4.4637492826,13,3,34
Cleveland,Indianapolis,-4.5,-4,-3.02,-4,-8.46,-3.09,-3,1.48,-3.63,4,-1.96,-5.46,-4.51,0.8,-4.89,1.46,-3,-3.57,,-3.02,-7.41,-5,-4.5,-2.12,-2,-4.17,-3.9,-3.42,-2.71,-4,-1,-0.45,-1.2,-1.2,-2.8,-1.75,-6.7,-2,,,-4.66,,-2.95,-2.98,-9.8,-2,-2,-1.09,-7.6,1.45,-1.7,,-0.1,-1.6,-7.1,-11,-3.71,,-3.1,0.8,,,0.8,,-5.3,-1.91,-1.33,2.4843894604,13,6,10
Dallas,Seattle,12,13.48,12.82,13,11.02,10.64,9,6.01,6.72,10,8.58,9.34,14.62,8,8.03,6.79,9,7.83,,8.85,8.3,12,12,12.74,8,16.66,10.91,10.87,14.46,13,3,9.29,8.5,9.8,11.94,11.47,5.5,6,,,10.54,,14.66,10.05,15.9,11.4,10,9.69,8.9,6.84,12.59,,10.7,12.9,18.4,19,8.73,,11.3,10.1,,,12.2,,12.69,9.35,9.21,2.7576001992,13,34,9
Detroit,Tennessee,-11,-18.55,-10.47,-20,-17.35,-14.02,-9,-17.76,-21.27,1,-14.12,-16.96,-28.53,-10.53,-13.94,-8.04,-11,-16.66,,-16.83,-28.85,-18,-11,-17.35,-4.5,-23.16,-16.15,-13.52,-12.49,-11,-21,-10.64,-16.2,-15.2,-17.52,-17.02,-11.4,-6,,,-7,,-10.97,-13.73,-18.2,-13.1,-6,-17.07,-12.9,-8.01,-12.95,,-3.3,-9.1,-13,-19,-18.28,,-18.3,-8,,,-7.5,,-23.23,-20.49,-9.15,5.3121524087,13,10,47
Green Bay,Carolina,3,0.21,0.64,0.25,9.83,3.19,4,3.96,3.57,4,2.29,7.15,0.78,2,3.58,2.03,2,3.7,,3.44,18.06,8,3,3.29,-0.5,-2.54,3.62,2.8,-0.74,3,-1,1.2,2.2,2.9,0.81,6.65,3,4,,,-1.8,,1.58,2.93,8.1,4.1,2,3.51,9.9,2.83,2.96,,13.2,2.6,4.1,-1,4.17,,6.3,4.7,,,-2.3,,1.83,2.9,4.03,3.2616087199,13,31,35
Houston,Jacksonville,3,3.28,1.93,2,0.52,2.92,3,-0.65,-1.62,-4,2.9,3.92,-1.1,1.8,4.8,2.08,2,0.73,,0.72,0.42,3,3,3.07,0.5,3.63,2.95,1.58,4.83,3.5,-2,3.28,1.3,3.2,3.08,-2.16,3.1,5,,,2.2,,7.19,3,3.2,6.6,2,0.89,7,1.9,5.98,,4.1,2,4.2,9,2.29,,3.4,4.7,,,3.5,,5.1,2.22,2.47,2.0604538627,13,30,17
Minnesota,Chicago,3.5,2.93,3.59,2,1.35,3.31,8,1.31,0.84,4,0.51,6.01,1.86,1.46,3.89,1.79,2,1.43,,1.25,-4.49,6,3.5,2.63,3,3.37,2.43,4.57,6.12,3.5,-5,3.33,1.2,2.5,3.43,0.33,4,5,,,1.91,,3.99,3.26,3.9,4.7,5,3.19,9.6,1.88,4.02,,6.3,3.2,3.6,2,3.71,,3.9,3.7,,,3.2,,4.84,3.08,2.63,2.0518314532,13,34,14
N.Y. Jets,Denver,7.5,10.64,9.83,12,12.91,10.68,15,14.03,9.64,6,10.73,11.4,9.53,9.93,14.38,8.92,8,13.44,,13.23,18.23,17,8,13.24,1.5,8.52,13.4,9.03,15.52,7,11,6.53,9.7,10.9,10.55,5.52,13.2,11,,,8.59,,-0.63,10.82,11,12.9,6,13.89,24.9,8.99,7.46,,7.3,6.5,2.8,12,15.65,,16.6,9.2,,,5.1,,10.6,12.31,8.4,4.0606314876,13,17,34
New England,Pittsburgh,2,-1.76,-3.13,-1,-2.96,-0.51,3,0.15,-5.55,0.01,1.49,2.7,-3.21,0.31,1.52,1.48,1,-4.14,,-4.23,-8.12,3,2,-1.51,1,-0.98,-2.53,1.97,-2.16,1.5,-7,0.79,-1.6,0.4,-1.83,1.18,0.7,2,,,-2.79,,3.27,-0.23,-9.5,3.8,1,-1.03,4.4,1.47,0.28,,4.7,1.5,-2.3,-5,-1.95,,-0.7,-1.9,,,-1.5,,0.35,0.25,-1.55,2.7870896593,13,10,33
Oakland,Kansas City,3,6.1,5.2,5,-1.85,5.42,7,5.05,0.89,4,5.61,9.43,3.46,3.86,8.44,4.05,3,4.45,,4.4,-11.34,7,3.5,6.53,5,7.65,4.03,3.54,6.85,3,5,5.05,4.2,6,5.99,4.85,6.8,5,,,6.54,,2.73,5.03,1.4,8.1,4,5.11,15,4.98,7.82,,3.3,3.7,3.6,5,5.73,,6.5,4.5,,,6.9,,10.03,7.54,7.05,2.7311794139,13,13,20
Philadelphia,Arizona,3,1.25,1.71,2,8.31,2.16,2,4.85,4.45,4,0.65,0.02,-0.34,2.8,1.5,2.62,2,1.83,,1.94,8.03,8,3,2.82,2,-0.35,3.02,3.06,0.31,3,-1,1.84,2.5,2.8,1.99,6.39,-3,4,,,-0.34,,3.78,2.1,3.4,4.2,5,2.04,-2,2.55,4.18,,4.2,2.9,-1.4,-7,1.69,,4.3,4.6,,,1.4,,0.74,2.79,2.15,2.3342448992,13,48,20
San Diego,Atlanta,6,-1.28,4.52,-1,7.74,1.1,4,3.37,-0.11,4,-2.97,-0.01,-2.44,1.31,-1.16,1.56,1,-0.12,,0.12,4.49,5,5,1.11,4,-2.72,0.11,2.15,-1.65,5,3,0.76,0.9,1.1,-1.11,9.06,-3.5,2,,,-3.08,,3.24,0.83,-1.8,3.5,4,1.59,-1.8,1.76,1.25,,11.3,2.4,0.7,-1,0.02,,-1.4,3.7,,,4.6,,-2.13,0.62,-1.96,3.3137117535,13,16,22
St. Louis,Miami,-7,-6.27,-8.97,-8,-12.24,-7.32,-3,-8.65,-12.14,-3,-6.98,-8.83,-12.25,-5.95,-6.05,-5.44,-8,-11.47,,-10.83,-16.87,-5,-7,-8.98,0.5,-5.31,-10.1,-4.84,-6.67,-9,-15,-2.82,-7.3,-7.4,-8.89,-9.87,-8.3,-4,,,-2.51,,-9.38,-7.14,-11.2,-3.3,-4,-12.57,-7.4,-5.36,-3.29,,1.3,-5.1,-4.5,-17,-13.9,,-12.9,-3.2,,,-4.2,,-3.17,-5.91,-0.27,3.4502243475,13,12,16
Tampa Bay,New Orleans,4,6.84,6.59,7,11.63,5.16,2,4.85,7.54,3,3.8,5.71,10.6,6.07,3,5.33,5,6.13,,5.75,20.6,4,4,6.39,2,6.99,6.76,4.97,7.56,3.5,2,5.38,5.6,5.7,6.55,4.85,-0.9,6,,,5.63,,5.47,5.7,2.3,7,5,5.68,-1.9,4.72,6.39,,6.1,5.9,-1.6,6,4.46,,6.3,2.2,,,3.1,,4.88,4.86,7.95,2.5337738474,13,23,20
Washington,N.Y. Giants,-4,-6.37,-5.45,-6,-9.39,-6.02,-6,-7.45,-11.56,-1,-9.09,-7.55,-6.71,-3.54,-9.77,-2.46,-4,-8.52,,-8.06,-12.41,-9,-4,-5.98,-0.5,-5.33,-7.64,-7.16,-6.62,-3,-12,-1.83,-5.6,-5.3,-5.72,-1.52,-11.7,-1,,,-6.43,,-2.75,-6,-6.5,-5.4,-1,-7.46,-15.6,-2.69,-3.75,,1.4,-2.5,-6.3,-5,-10.24,,-10.9,0.3,,,-1.6,,-6.47,-6.96,-4.6,3.5354515366,13,7,23
Arizona,St. Louis,14,14.78,14.78,18,25.04,15.59,13,23.92,19.21,11,15.47,16.99,14.79,13.46,14.84,13.79,15,17.07,,17.23,23.96,18,14,18.93,3,13.12,18.58,15.74,18.01,13.5,15,9.91,13.16,14.9,16.73,20.91,12.7,11,,,10.19,17.3,15.77,15.47,18.1,10.9,12,20.04,17.8,14.71,17.16,,14.6,13.5,9.5,27,18.37,,22.5,13.6,15.1,15.5,15.7,,10.91,17.42,9.22,4.1193413822,14,34,10
Baltimore,Washington,5,8.66,6.04,7,12.17,9.26,12,14.76,11.82,6,13.1,12.56,0.59,9.91,13.59,7.61,7,11.24,,11.27,11.26,14,5.5,12.26,-0.5,5.01,12.44,9.11,13.34,5.5,8,5.5,8.76,10.1,9.54,3.41,11.9,13,,,3.03,16.24,1.33,9.5,8,9.5,5,11.69,22.8,9.11,8.99,,5.8,5.6,2,7,14.72,,16.8,5.2,10.5,1.5,2.7,,5.49,10.12,7.93,4.480000486,14,24,10
Buffalo,Miami,1,-0.53,-1.52,1,0.21,1.2,3,1.05,-1.2,-3,3.86,5.14,-2.84,4.19,2.32,3.86,1,1.35,,1.95,-0.61,7,1,2.82,-1,-2.06,1.07,2.7,-0.81,1,3,1.1,1.36,2,0.26,1.86,0.6,4,,,-0.48,4.36,-10.65,1.2,-1.6,-0.5,2,2.47,8.4,3.96,-2.11,,5.6,3.3,-2.7,0.01,0.55,,3.5,1.2,1.5,-3.5,0.01,,-2.57,-0.76,-2.62,2.5918388315,14,3,16
Carolina,Tampa Bay,3,1.49,-1.07,1,6.65,1.96,2,3.8,3.11,-3,1.36,3.87,4.3,1.3,0.67,1.73,2,-1.14,,-0.5,11.38,-1,3,2.09,2,2.29,0.75,3.22,0.45,3,2,2.64,-0.64,1.6,2.28,2.27,-0.6,5,,,1.37,0.45,4.14,1.73,-2.2,1.6,1,1.37,-0.7,1.7,3.27,,3.4,2.4,5.7,6,0.02,,0.7,2.7,0.3,7,1.6,,2.1,2.95,3.72,1.7967167671,14,38,23
Chicago,Jacksonville,6.5,7.51,4.64,7,2.64,5.61,5,2.92,3.72,-3,9.04,8.01,0.46,5.42,6.69,4.79,5,5.29,,5.95,7.38,2,6.5,7.78,2,7.97,7.16,4.09,6.84,7,7,5.73,6.26,7.6,6.5,4.69,3.7,5,,,6.64,4.45,17.57,5.5,4,7.6,1,6.26,5.5,5.23,7.12,,-0.4,5.2,8.3,7,4.56,,7.5,5.5,5.1,1,3.8,,6.16,4.54,6.56,2.3019382093,14,23,10
Denver,Kansas City,8,9.58,5.47,12,6.19,8.17,8,5.91,2.77,7,8.83,6.06,10.04,7.87,6.97,7.25,9,7.21,,7.85,0.56,10,8,9.9,2.5,11.56,7.35,9.6,13.52,9.5,7,7.3,5.96,7.4,10.27,8.89,7.8,6,,,10.76,7.22,8.59,7.88,4.7,8.4,9,8.56,12,7.88,10.3,,6.6,9.5,12.1,10,7.44,,7.6,6.8,8,9,6.3,,13.26,9.58,9.66,2.4012213797,14,24,17
Detroit,Minnesota,-10,-14.53,-11.46,-17,-15.72,-11.82,-14,-10.27,-15.06,-7,-13.39,-7.69,-16.85,-6.67,-15.12,-5.91,-11,-14.17,,-14.21,-23.2,-16,-10,-12.66,-4.5,-17.06,-13.66,-8.69,-8.97,-9.5,-14,-6.55,-11.94,-11.7,-13.02,-10.49,-11.5,-5,,,-10.51,-17.19,-12.67,-12.67,-20.3,-12.6,-6,-14.21,-22.4,-8.32,-5.44,,-0.8,-7.6,-16.5,-9,-17.15,,-15.8,-5.8,-13.1,-16,-7.2,,-19.37,-14.82,-4.17,4.7201785226,14,16,20
Green Bay,Houston,6,5.7,6.25,7,12.73,6.08,5,9.33,8.77,7,5.73,4.31,0.61,6.28,4.05,5.76,5,7.71,,7.97,12.57,6,6,8.54,3,3.63,8.34,7.87,5.64,6,5,4.45,6.46,7.1,6.15,10.94,1.8,5,,,3.51,5.8,3.88,5.9,7.1,3,4,10.37,2.8,6.54,8.62,,12.9,5.9,7.9,2,7.4,,8.5,7.9,5.9,6,5.2,,1.75,5.54,6.73,2.789651673,14,21,24
Indianapolis,Cincinnati,13.5,14.73,8.4,14,10.27,12.82,15,17.14,12.61,10,12.56,13.18,15.72,12.06,13.52,10.35,13,13.52,,12.98,10.14,18,13.5,15.31,5.5,15.16,14.44,13.68,17.93,14.5,13,9.89,9.86,12.6,14.01,13.04,10.8,8,,,7,15.53,11.51,13,12.8,11.8,10,13.78,17.4,11.55,13.3,,9.6,13,14.5,14,14.54,,15.5,11.5,14.4,12.5,9.8,,14.67,15.9,7.5,2.820755069,14,35,3
N.Y. Giants,Philadelphia,6.5,9.52,6,12,8.6,8.28,9,11.22,10.05,11,8.64,12.07,11.85,6.44,9.55,6.6,8,6.56,,6.2,9.88,10,6.5,9.31,2.5,12.96,6.35,8.72,14.97,7.5,5,7.9,5.76,8.5,10.44,3.23,8.7,8,,,10.99,10.69,10.89,8.6,1.9,9.8,5,7.99,12.7,6.85,6.86,,4.2,7.6,6.1,9,7.97,,10.5,4.1,10.6,5.5,1.9,,11.61,11.41,8.69,2.9305704638,14,14,20
New Orleans,Atlanta,3,-0.4,6.05,0.25,3.76,1.84,5,0.94,-0.15,6,-0.81,4.7,1.19,1.62,1.63,1.87,1,0.29,,0.51,9.5,4,3,2.29,3.5,-1.57,0.83,2.14,-1.42,3.5,-1,1.63,0.56,1.7,0.67,5.51,1.1,2,,,-1.27,1.45,1.14,1.63,2.4,1.1,4,2.13,5,2.05,3.38,,7.5,2.9,-1.2,-1,0.41,,-0.2,2.2,3.5,4,6,,0.4,0.67,-1.46,2.1145890705,14,29,25
Pittsburgh,Dallas,3,6.49,6.66,7,5.65,5.72,7,11.33,8.68,10,5.48,3.66,0.79,7.17,6.66,6,4,8.18,,7.98,7.54,11,4,8.96,1,5.02,7.93,5.03,10.04,3,5,5.01,5.96,6.8,7.96,6.16,4.6,8,,,3.79,9.11,-0.06,6,5.6,5.4,5,9.02,10.2,6.2,3.36,,5.5,4.3,-2.1,-4,9.44,,8.4,4.5,6.2,3,0.4,,5.29,8.31,6.41,2.400557743,14,20,13
San Diego,Oakland,8.5,8.54,4.15,9,7.42,8.77,9,13.15,7.69,11,8.57,12.53,5.58,9.81,6.32,7.67,8,9.02,,9.76,5.92,17,8.5,11.2,10,5.53,11.61,8.64,8.1,10.5,7,5.71,8.16,8.4,8.85,13.31,5,7,,,2.85,9.01,8.94,8.85,9.7,7.5,9,12.55,9,8.8,11.85,,13.3,10,3.2,8,10.4,,11,10,10.6,7.5,5.9,,7.85,10.5,2.86,2.7178940189,14,34,7
San Francisco,N.Y. Jets,-3.5,-6.2,-3.87,-8,-6.51,-4.86,-5,-11.77,-9.73,-2,-4.95,-5.56,-13.45,-3.13,-4.35,-2.03,-5,-5.82,,-5.83,-7.62,-6,-3.5,-5.24,-3,-7.62,-4.94,-6.15,-5.94,-3.5,-7,-1.39,-4.84,-3.6,-6.05,-4.37,-5.9,-2,,,-4.23,-6.83,-6.05,-5,-10.2,-4.4,-2,-6.03,-1.9,-3.37,1.68,,0.7,-2.9,-6.3,-5,-7.83,,-4.8,-0.5,-1.9,-4,0.4,,-2.38,-7.08,-4.79,3.0536760941,14,24,14
Seattle,New England,-6.5,-6.98,-7.35,-8,-9.17,-5.17,-3,-5.26,-7.94,-7,-6.55,-2.97,-11.73,-3.39,-3.4,-1.81,-6,-4.34,,-4.44,-7.6,-8,-6.5,-4.35,-4,-8.86,-5.29,-5.02,-5.86,-4.5,-3,-2.18,-4.04,-3,-5.68,-5.15,-4.9,-1,,,-3.44,-5.32,-18.59,-5,-7.1,-5,-4,-5.2,-5.9,-2.94,-0.13,,0.2,-6.7,-5.9,-5,-6.64,,-5.3,-1,-3,-10.5,-2.1,,-4.92,-5.09,-3.26,2.5359696749,14,21,24
Tennessee,Cleveland,13.5,14.77,7.97,13,8.77,11.86,9,13.63,9.46,14,15.03,11.02,8.77,12.43,12.38,9.63,13,11.63,,11.92,6.87,12,13.5,14.69,4.5,15.48,14.16,10.18,13.55,14.5,13,10.15,10.76,11.9,13.96,12.12,10.5,9,,,13.34,13.83,14.86,11.92,7.6,10.8,10,12.73,16,11.27,15.13,,5.5,10.3,21.8,9,12.33,,16.3,10.9,13.5,13,11.1,,11.92,12.77,12.54,2.8538296276,14,28,9
Arizona,Minnesota,3,0.29,0.52,1,5.7,1.14,0.01,2.52,-0.55,4,3.49,6.1,4.18,3.51,-3.12,3.73,3,-1.16,,-1.1,2.62,0.01,3,2.12,0.5,0.76,-0.19,1.9,-0.77,3,-14,,1.1,1.6,0.79,3.03,-1.5,-5,,,0.1,-2.29,1.87,1.02,-6.9,-0.1,2,2.64,-3.6,1.03,2.85,,7.9,2.6,-1.4,7,-2.18,,0.2,4.9,2.3,6.5,10.6,,-0.1,0.48,1.35,2.9366943948,15,14,35
Atlanta,Tampa Bay,3,0.3,3.81,0.25,5.04,2.25,3,4.82,1.65,8,4.33,5.01,2.8,2.07,1.86,2.49,3,0.24,,0.53,8.2,3,3,2.28,-0.5,0.04,0.58,2.64,0.38,3,2,,1,2.4,1.68,-0.44,2.9,3,,,-0.68,5.25,4.6,2.04,-1.7,2,0.01,2.27,7.6,1.36,2.69,,1,1.7,5.1,-5,1.69,,3.7,5.5,1.9,6.5,1.6,,-1.66,0.67,1.19,1.8631164368,15,13,10
Baltimore,Pittsburgh,3,2.1,2.71,1,4.64,3.17,3,7.65,2.78,-3,4.29,4.53,-1.23,3.01,5.34,3.11,3,2.22,,2.28,5.64,2,3,3.82,-1,1.45,2.84,3.86,5.3,0,10,,2.5,4.2,2.5,-0.84,3.7,3,,,0.55,4.9,12.23,3,1.9,3.9,0.01,3.28,6.9,2.96,4.99,,3.3,2.2,-1.5,3,3.01,,5.9,1.9,4,2.5,0.7,,-1.31,-0.65,1.48,1.9923177856,15,9,13
Carolina,Denver,7.5,10.94,5.68,10,11.82,8.9,8,9.78,7.78,11,8.08,12.82,2.97,7.43,6.4,6.48,8,12.34,,12.17,18.88,8,7.5,11.75,3.5,9.19,13.04,7.31,11.01,7,9,,9.2,9.7,10.09,8.03,6.1,10,,,8.83,8.86,8.23,8.7,12.3,8.7,5,11.71,8.7,8.39,10.07,,6.8,6.6,4.1,17,10.65,,11.9,7.9,8.1,10,5.2,,5.53,6.26,6.92,2.5162568572,15,30,10
Chicago,New Orleans,3,2.95,5.68,3,3.36,1.01,-2,-4.3,-1.33,1,1.33,5.1,0.14,2.61,-1.63,2.54,1,1.27,,1.95,10.98,-2,3,2.32,0.01,3,2.9,0.31,0.33,3,-5,,2.2,2.7,2.52,5.59,-3.5,4,,,2.41,-4.17,0.93,1.56,-1.4,2.7,0.01,0.85,-5.5,2.55,4.21,,-0.3,2.2,6.3,-2,-1.67,,2.1,-1.6,1.8,1,-5.5,,2.38,2.69,4.4,2.669661592,15,27,24
Cincinnati,Washington,-7,-5.95,-9.38,-6,-8.21,-6.07,-4,-4.89,-9.76,-5,-7.98,-9.08,-8.9,-4.39,-3.85,-2.74,-7,-7.22,,-6.48,-12.78,-7,-7,-4.55,-2.5,-7.32,-4.82,-5.11,-2.68,-7,-9,,-3.8,-4.3,-5.36,-4.66,-3.7,-11,,,-8.81,-6.03,-10.9,-5.98,-9.4,-2.1,-3,-5.63,-10,-2.51,-4.06,,0.4,-4.3,-9.3,-12,-7.12,,-5.9,-6.4,-6.5,-11.5,-4.5,,-4.71,-5.86,4.43,2.627572481,15,20,13
Dallas,N.Y. Giants,3,-4.66,-2.44,-5,-3.79,-2.43,-1,-10.53,-9.35,-1,-3.27,3.88,-4.41,-1.86,-8.45,-1.18,-1,-6.22,,-5.59,0.88,-5,2,-3.41,1,-4.78,-4.65,-3.69,-6.6,3,1,,-3.4,-3.1,-4.64,-1.77,-3.2,6,,,-4.34,-6.11,1.12,-3.23,-6.4,-3,1,-5.2,-3.5,-3.63,-0.01,,2.2,-0.5,1.7,0.01,-7.45,,-6.2,1.8,-0.2,-4,3.3,,-0.34,1.33,-2.72,3.4060015542,15,20,8
Houston,Tennessee,-3,-8.22,-2.69,-10,-4.63,-5.08,-2,-7.92,-10.03,-1,-7.64,-1.2,-9.54,-5.72,-4.65,-4.04,-6,-8.32,,-8.54,-8.25,-3,-3,-6.75,-1,-9.33,-7.29,-3.43,-6.91,-3,-15,,-6.9,-5.3,-6.96,-8.4,-1.6,-2,,,-8.67,-5.04,-0.98,-4.77,-2.2,-2.4,0.01,-8.12,-2.7,-6.48,-3.93,,1.6,-2.4,-6.4,-4,-8.44,,-7.8,-3.1,-3.3,-4.5,-4.9,,-4.33,-3.66,-5.39,3.0941368389,15,13,12
Indianapolis,Detroit,17,20.38,12.51,22,17.74,17.59,19,18.91,18.22,14,15.13,20.78,16.13,13.07,17.45,11.55,17,16.92,,17.02,9.19,24,17,20.9,7.5,25.04,18.08,17.83,28.18,17.5,17,,14.4,17.2,19.61,18.98,13.7,9,,,7,18.83,16.21,17.47,17.5,16.3,13,20.01,21.8,11.2,17.17,,13.8,14.3,22.3,23,20.01,,21.1,12.1,19.4,18,14.5,,32.73,25.12,15.65,4.2877123345,15,31,21
Jacksonville,Green Bay,-2.5,-2.94,-2.67,-2,-5.18,-2.7,0.01,-3.94,-7.14,-3,-5.56,-0.36,-3.48,-0.89,-4.14,0.04,-1,-5.5,,-5.07,-6.78,-2,-2.5,-2.28,0.5,-0.82,-5.58,-1.07,-1.51,-2.5,-8,,-3.8,-2.5,-0.9,-0.27,-3.4,-6,,,-1.66,-5.29,-5.26,-2.59,-8.4,-1.1,2,-4.32,-4.3,-1.64,0.17,,4.8,-0.6,-5.5,-3,-6.65,,-4.3,-3.4,-0.6,-5,2.8,,0.72,-0.89,-0.95,2.6375718,15,20,16
Kansas City,San Diego,-6,-6.53,-1.66,-8,-8.88,-6.25,-4,-6.49,-11.92,-3,-6.77,-3.25,-3.72,-5.2,-3.05,-3.79,-5,-11.57,,-11.45,-6.82,-10,-6,-6.58,-2,-4.08,-8.82,-3.38,-3.65,-4.5,-14,,-6.3,-4.6,-5.4,-9.63,-4.7,-8,,,-6.79,-7.62,-14.92,-5.51,-10.9,-3.8,-4,-9.13,-7.3,-3.36,-5.62,,0.01,-4.1,-5.9,-11,-10.92,,-7,-4.7,-7,-5,-6.3,,-4.01,-4.25,0.05,2.7255227546,15,21,22
Miami,San Francisco,6,6.78,4.35,7,1.38,4.82,3,5.25,2.57,18,2.73,7.65,4.97,5.51,1.9,4.73,7,4.56,,4.24,-4.47,2,6,7.13,6.5,8.72,4.87,4.6,7.84,6,1,,5.3,5.9,6.86,7.31,-0.2,4,,,4.1,1.08,8.96,4.97,6.6,6.8,6,6.72,-2.1,3.82,4.97,,6.3,6.1,2.9,4,3.93,,2.5,5.1,2.9,7.5,2.4,,7.61,6.81,7.35,2.4005887505,15,14,9
N.Y. Jets,Buffalo,7.5,8.06,5.08,8,6.92,7.52,11,14.47,5.64,9,7.36,5.34,5.43,5.62,8.13,4.89,9,5.83,,5.79,5.23,9,7.5,8.68,2.5,8.02,8.1,9.78,11.46,7,5,,5.3,6.7,8.19,6.9,9.4,9,,,5.9,10.47,10.09,7.66,3.5,7.5,5,7.98,10.8,5.44,7.9,,7.2,6.4,8.7,12,7.82,,9.7,6.2,7.5,6,6.4,,11.47,9.23,11.65,2.357821617,15,31,27
Oakland,New England,-6.5,-7.03,-10.96,-8,-17.27,-6.78,-6,-9.94,-10.09,-4,-8.38,-12.25,-15.31,-5.1,-2.06,-2.92,-6,-5.46,,-5.47,-19.95,-12,-6.5,-4.9,-5,-7.19,-7.08,-7.49,-5.45,-8,-6,,-3.9,-3.3,-7.13,-7.68,-6.1,-10,,,-3.44,-6.75,-8.04,-6.57,-10,-5.7,-7,-6.28,-6.9,-2.52,-0.75,,-6.4,-5.6,-7.8,-4,-7.39,,-5.5,-0.8,-7.9,-9.5,1.2,,-9.68,-8.84,-2.38,3.4096872733,15,26,49
Philadelphia,Cleveland,14,10.14,11.5,10,12.19,11.31,11,11.13,10.69,18,13.71,16.84,6,9.83,10.04,8.1,11,10.46,,10.27,12.52,14,13,11.17,3.5,8.7,11.81,7.51,12.36,14,7,,9.8,10,9.09,9.99,12.8,12,,,8.06,14.89,16.59,11,12.1,9.3,11,11.05,19.5,8.61,12.57,,9.4,10.8,10.3,20,9.76,,14,12.7,12.2,11.5,11.2,,7.81,10.91,8.81,2.7652760131,15,30,10
St. Louis,Seattle,-2.5,0.34,2.4,-2,-3.63,-2.48,-2,-9.8,-7.32,-3,-4.67,0.19,-1.55,-1.54,-4.22,-2.43,-1,-7.35,,-6.6,-4.5,-5,-2.5,-2.58,5,3.65,-4.68,-0.52,0.15,-2.5,-12,,-2.9,-2.7,-1.39,-8.47,-4.2,2,,,0.06,-7.24,-4.29,-2.21,-4.8,0.9,-1,-5.56,-7.9,-0.9,-3.64,,4.6,1.5,1.7,-4,-7.97,,-7.5,0.6,-4.6,-9,-0.7,,2.93,0.87,1.31,3.6026494109,15,20,23
Chicago,Green Bay,4,4.76,3.4,5,0.61,3.39,4,-1.76,5.25,3,5.35,7.19,5.97,3.02,3.93,3.04,4,0.53,,1.38,4.91,-1,4,3.6,2,7.51,1.66,3.11,,6,3,4.6,2.9,3.8,5.07,1.07,5.1,7,,,4.18,2.21,1.31,3.6,-5.3,5.1,1,1.47,5.5,1.42,4.37,,0.5,3.9,4.4,7,0.34,,2.1,0.8,2.9,,6.4,,8.95,3.6,4.32,2.6130419541,16,20,17
Cleveland,Cincinnati,2.5,6.12,3.68,6,4.73,5.65,7,9.26,6.58,3,5.97,6.97,3.08,7.47,4.49,6.87,5,7.99,,7.71,6.33,9,3.5,8.44,6,4.99,7.76,6.31,,3,8,4.62,5.5,7,6.56,9.17,3.9,5,,,4.07,5.11,1.6,6,3.7,4.4,4,9.26,6.7,7.15,5.33,,7.7,2.8,-1.3,1,8.48,,8.3,8.1,7.9,,1.7,,2.1,5.68,-0.61,1.8063261848,16,0,14
Dallas,Baltimore,4,-0.87,0.01,-1,4.56,0.86,1,-7.89,-2.48,7,-0.92,6.46,6.17,-0.55,-1.41,0.29,1,-3.9,,-3.67,1.69,-2,3.5,-1.22,1,0.55,-2.34,1.58,,5,-2,1.49,-1.5,-0.8,0.02,3.43,0.3,6,,,0.37,-2.29,7.55,0.29,-4.9,0.4,4,-2.11,-0.2,-4.53,1.67,,7.1,3.9,5.2,5,-4.38,,-1.5,4.5,4.3,,6.3,,5,-1.45,1.41,3.1565862614,16,24,33
Denver,Buffalo,6.5,5.64,1.64,5,0.91,4.22,5,4.6,1.09,4,3.34,4.43,5.68,1.34,6.14,1.45,4,0.23,,0.33,-1.5,4,6,4.25,2,8.17,2.73,6.95,,7,3,4.96,2.6,4,4.73,4.12,7.3,3,,,4.33,4.48,7.31,4.25,1.5,5.8,5,1.31,7.2,2.43,4.82,,5.4,3.5,8.1,4,2.68,,4.9,4.2,2.4,,6.6,,9.51,7.05,9.65,1.9154835272,16,23,30
Detroit,New Orleans,-7,-10.12,-8.31,-16,-11.98,-9.46,-10,-13.53,-13.77,-7,-10.62,-5.57,-12.71,-5.87,-11.1,-5.66,-9,-10.21,,-10.47,-12.5,-12,-7.5,-10.59,-5,-13.54,-9.36,-8.61,,-7,-14,-4.12,-9.1,-9.2,-9.25,-10.01,-6.9,-5,,,-8.45,-12.19,-10.85,-10,-14.1,-10.5,-6,-12.33,-12.1,-4.68,-7.08,,-3.4,-7.6,-12.1,-10,-12.34,,-10.7,-7.8,-10.9,,-8.3,,-18.38,-15.95,-1.13,3.1225424495,16,7,42
Jacksonville,Indianapolis,-6,-6.01,-1.56,-6,-6.54,-4.37,-4,-5.99,-8.93,-1,-4.82,-4.43,-7.33,-1.21,-4.48,-0.1,-5,-4.85,,-4.34,-6.4,-5,-6,-3.6,-2.5,-7.51,-4.65,-4.91,,-7,-9,-1.75,-2.9,-2.8,-4.11,0.6,-5.2,-10,,,-6.23,-6.27,-5.07,-4.8,-5.2,-4.8,1,-3.27,-6.2,-2.03,-2.16,,1.9,-2.4,-8.9,-5,-5.25,,-4.8,-0.7,-3,,-1.9,,-6.46,-6.23,-6.08,2.6286240592,16,24,31
Kansas City,Miami,-3.5,-7.34,-5.7,-7,-8.17,-4.29,-2,-1.58,-6.22,3,-3.75,0.28,-13.31,-3.26,-1.22,-1.79,-6,-6.48,,-6.21,-13.29,-1,-3.5,-4.19,-4,-9.75,-5.1,-3.55,,-4,-9,-2.73,-3.2,-2.6,-7.29,-3.21,-2.6,-2,,,-10.66,-0.92,-6.38,-4,-9.2,-5.6,-4,-5.11,1.1,-0.74,-0.61,,0.4,-3.4,-4.1,-7,-4.63,,-0.8,-3.8,-4.2,,-2.3,,-11.31,-6.45,-7.36,3.1204409029,16,31,38
Minnesota,Atlanta,3.5,4.03,5.08,3,4.64,3.91,7,2.85,3.68,-6,2.35,0.89,3.59,2.81,4.52,2.58,3,3.3,,3.41,3.48,7,3.5,3.93,4,3.68,4.41,4.87,,3,1,3.73,2.8,3.4,4.19,5.89,4.5,6,,,2.67,5.33,2.95,3.73,5.4,5.6,4,2.82,7.6,2.28,3.74,,10.2,3.1,1.2,8,3.53,,3.5,-0.5,6.1,,0.5,,5.07,3.96,3.96,1.7359879855,16,17,24
N.Y. Giants,Carolina,3,3.77,3.48,4,7.43,4.38,4,12.87,10.63,10,1.82,2.2,6.66,4.53,2.36,4.24,3,4.4,,4.32,14.41,8,3,5.44,2.5,3.84,3.72,5.34,,3,-1,3.64,3.5,4.5,4.06,6.66,1.2,6,,,2.92,4.71,3.57,4.32,4.6,4.5,6,5.26,2.2,6.74,4.32,,8.1,5.2,4.3,-1,4.53,,7.1,4.5,7.3,,1.4,,2.37,7.62,3.71,2.410347189,16,34,28
New England,Arizona,7.5,2.37,0.1,5,3.65,3.98,6,6.71,1.39,4,4.43,8.82,3.99,4.02,5.07,3.8,6,2.11,,1.79,-3.01,11,6.5,3.88,1.5,3.33,1.43,5.9,,8,1,2.97,2.2,3.4,4.15,4.91,6.8,3,,,1.54,7.91,-1.13,3.8,-2.8,5.8,5,3.75,11.9,1.13,2.4,,6.4,3.3,4.3,3,4.32,,4,2.3,7.7,,-0.8,,4.13,5.42,3.22,2.7468008954,16,47,7
Oakland,Houston,-7,-9.27,-5.1,-9,-10.93,-7.17,-7,-7.45,-10.72,-7,-9.87,-4.04,-9.65,-2.63,-9.35,-1.64,-6,-8.57,,-8.51,-14.86,-10,-7,-7.18,-5.5,-8.92,-9.85,-5.23,,-7.5,-4,-2.97,-4.8,-5.3,-7.94,-2.96,-10.8,-5,,,-6.39,-10.81,-8.91,-7.2,-22.2,-7.2,-5,-5.55,-16.5,-2.78,-4.95,,1.1,-4.9,-7.7,-10,-10.26,,-11.5,-2.3,-8.4,,2.8,,-12.31,-9.88,-2.61,4.2192551814,16,27,16
Seattle,N.Y. Jets,-4.5,-7.03,-2.59,-8,-2.24,-4.46,-3,-8.25,-5.93,4,-5.32,-3.51,-8.37,-3.93,-3.03,-2.63,-6,-4.96,,-5.33,-3.22,-5,-4.5,-5.74,-3,-8.37,-5.82,-4.41,,-5.5,-9,-1.98,-3.3,-2.8,-5.97,-1.88,-1.9,-2,,,-4.19,-5.91,-9.98,-4.66,-6.7,-2.4,-1,-6.9,-4.5,-1.9,-0.16,,5.8,-5.8,-8.1,-7,-6.85,,-4.7,-2.4,-3.4,,-1.4,,-3.31,-5.78,-4.66,2.7921029226,16,13,3
St. Louis,San Francisco,-5,-4.77,-2.56,-6,-6.39,-5.86,-5,-9.34,-12,-7,-8.28,-4.16,-5.87,-3.66,-8.06,-4.15,-6,-8.55,,-8.42,-8.97,-8,-5,-6.03,-2,-2.46,-8.12,-3.88,,-5.5,-14,-0.8,-4,-4.4,-5.07,-6.72,-8.5,-3,,,-2.84,-11.77,-8.17,-5.07,-8.2,-2.3,-2,-8.25,-14,-2.09,-4.37,,4.3,-4.2,-3.3,-9,-9.95,,-11.8,-3,-8.3,,-4,,-3.39,-6.36,-2.17,3.4529291913,16,16,17
Tampa Bay,San Diego,3.5,9.23,5.43,7,11.15,5.82,5,4.95,8.02,3,3.32,6.62,11.13,4.16,5.8,3.96,4,6.22,,6.18,16.19,3,4,8.27,1,10.63,7.96,6.96,,3,-4,6.37,5.9,7.1,7.1,1.97,4,6,,,7.71,3.79,3.74,6,11.2,7.4,7,5.15,4.4,4.99,6.35,,9.7,5.3,5.1,-1,5.92,,8,3.8,5.1,,-0.7,,7.24,6.1,9.79,2.5287796637,16,24,41
Tennessee,Pittsburgh,-2.5,3.42,0.03,2,-0.51,1.16,-1,1.87,-4.74,3,1.68,0.73,-0.75,4.03,1.06,4.32,2,1.75,,2.29,-3.83,0.01,-1.5,3.96,2,2.99,3.82,0.92,,1,-3,3.45,2.8,3.5,2.96,5.73,-1.6,3,,,1.18,0.21,-9.92,2,-1.8,1.7,1,3.24,-2.4,3.2,4.07,,2.2,3.5,-4.1,-5,2.45,,4.6,3.2,4.4,,1.7,,-1.55,0.16,2.46,2.2756120928,16,31,14
Washington,Philadelphia,-5.5,-4.03,-3.38,-3,-7.37,-4.9,-5,-4.41,-11.01,4,-9.42,-3.38,-1.54,-3.16,-8.65,-1.95,-5,-7.22,,-7.2,-13.69,-8,-5.5,-4.18,-0.5,-0.96,-7.41,-3.02,,-4.5,-9,-0.04,-5.4,-4.2,-3.12,-2.35,-8.4,-5,,,-1.58,-10.37,-0.86,-4.2,-9,-3.5,-1,-6.51,-12.8,-3.25,-2.98,,2.1,-0.9,-6.1,-4,-8.13,,-9.1,-2.4,-5.1,,-4.3,,-6.47,-5.44,-2.56,3.3571803527,16,10,3
Arizona,Seattle,6.5,9.59,7.73,10,11.85,6.49,3,7.21,8.49,10,5.45,1.91,9.69,6.4,3.19,5.71,7,6.12,,6.51,8.23,1,6.5,8.98,7,10.98,8.23,8.11,,3.5,-1,6.74,8.6,6.8,8.54,9.31,-0.2,10,,,5.96,,18.2,6.99,8.7,5.4,7,7.78,-1.3,6.55,7.43,,9.8,9.7,3.2,-5,4.99,,7.5,5.9,5.2,6.5,6.1,,6.77,6.99,9.11,3.0719960937,17,34,21
Atlanta,St. Louis,14,20.45,18.86,19,22.23,17.42,17,25.15,21.58,3,19.01,13.42,20.59,14.39,20.25,12.74,16,21.81,,21.77,27.91,21,14.5,23.02,6,18.94,22.86,16.72,,14.5,19,11.62,16.8,18,20.14,18.08,20.6,11,,,13.55,,9.21,18,19.2,14.6,12,22.17,26.3,12.59,15.02,,12.1,15.9,11.1,14,25.11,,27.7,15.3,16.4,19,12.4,,17.82,21.48,13.88,4.6388946412,17,31,27
Baltimore,Jacksonville,12.5,13.34,9.29,12,12.6,12.35,13,19.03,12.41,20,16.88,16.37,11.39,10.66,14.49,8.5,12,13.52,,13.29,13.86,16,12.5,14.42,6,13.68,13.05,12.71,,11.5,11,8.52,11.5,12.7,12.9,3.86,20.9,9,,,9.62,,23.26,12.6,9.7,13.2,6,13.81,22.5,11.52,7.49,,5.8,9.9,10.9,16,15.19,,17,11.2,12.6,1,3.9,,12.62,15.83,9.91,4.1243468362,17,27,7
Buffalo,New England,-6,-3.93,-6.14,-4,-7.26,-4.38,-4,-5.31,-5.68,-16,-5.92,-9.41,-7.77,-0.27,-4.35,0.35,-4,-3.84,,-3.34,-8.54,-10,-6,-2.35,-0.5,-4.05,-3.85,-4.27,,-6.5,-1,-0.41,-1.4,-1.9,-3.98,-5.04,-9.7,-5,,,-3.71,,-6.52,-4,-10.5,-4.6,-4,-3.29,-7.6,0.25,-2.05,,-3.5,-0.3,-8.1,-7,-6.01,,-5.5,-0.1,-4,-4.5,-0.5,,-4.96,-5.14,-4.5,2.8140234992,17,0,13
Cincinnati,Kansas City,3,6.76,2.94,5,3.49,3.9,5,0.99,3.16,-3,1.13,5.08,6.71,0.55,4.65,1.02,2,4.48,,5.06,0.09,5,3,5.64,0.5,9.61,3.75,3.34,,3,-3,5.29,2.8,4.4,6.11,5.41,6.6,4,,,10.87,,0.65,4,9.3,7.9,6,2.35,6,1.77,4.86,,6.2,2.4,-1.2,2,2.9,,3.8,0.5,2.4,0.01,-1.6,,13.89,7.44,11.44,2.2829437276,17,16,6
Green Bay,Detroit,9.5,15.42,11.25,20,16.56,13.64,14,17.41,17.38,24,14.06,6.74,11.98,12.26,13.42,12.03,12,16.59,,16.74,6.81,20,10.5,18.24,6.5,16.05,17.54,11.74,,7.5,15,9.79,13.8,15.7,14.58,19.77,7.8,8,,,9.68,,14.3,13.9,17.6,13.9,12,19.78,15.8,10.33,10.87,,14.5,12.3,7.6,11,19.42,,18.2,13.8,17.5,13,6.7,,20.71,19.06,8.54,3.7321895676,17,31,21
Houston,Chicago,3,-0.53,3.43,-1,1.5,0.92,1,3.41,-1.99,3,-1.32,0.9,2.95,0.14,0.39,0.77,2,-1.86,,-2.45,2.61,3,2.5,0.13,1.5,0.34,-1.4,4.11,,-1.5,-7,1.49,-0.9,-0.1,0.99,-1.55,1.4,-6,,,0.01,,16.45,0.99,1.2,1.9,4,-1.19,1,0.9,2.1,,6.4,2.2,-2.1,2,0,,1.2,4,1,-1,-1.7,,-0.63,1.39,3.15,2.1812126196,17,31,24
Indianapolis,Tennessee,-3,-1.53,-1.12,-3,-0.14,-1.17,2,-1.79,-4.68,-3,-5.53,-4.7,-2.93,-1.76,-2.31,-1.08,-1,-0.96,,-1.42,1.48,-1,-3,-1.2,0.01,-0.62,-2.27,1.14,,0,3,0.45,-2.7,-1.3,-1.32,-1.58,-3.3,4,,,0.68,,-4.6,-1.2,-0.6,0.2,2,-2.69,-5.4,-3.41,-0.48,,3.3,1.5,3.2,-4,-2.38,,-2.8,-0.7,-0.1,-2,-1.8,,3.1,0.65,2.88,2.2092702774,17,23,0
Minnesota,N.Y. Giants,7,-1.7,-3.44,-3,-1.36,0.17,2,-3.23,-3.87,-1,-2.41,8.21,-5.9,-0.47,0.04,-0.08,2,-2.41,,-2.12,-0.79,-1,5.5,-1.34,-1,-3.56,0.03,-0.59,,6.5,1,0.2,0,-0.5,-1.73,-1.7,11.6,5,,,-3.28,,4.7,-0.32,-1.2,0.4,0.01,-2.17,1.1,-0.32,-0.48,,4.6,0.5,-1.7,0.01,-1.19,,-2.1,0.8,0.01,0.5,4.4,,-1.42,-2.33,0.89,3.3034116564,17,20,19
N.Y. Jets,Miami,3,2.1,-1,3,1.03,2.65,4,9.94,0.14,6,1.87,5.92,-2.56,4.27,0.12,3.96,3,2.88,,3.36,-2.18,7,3,4.65,1,1.03,3.14,4.17,,2.5,3,2.13,3.2,2.9,2.26,5.19,-6.2,5,,,1.69,,4.77,3.1,-0.4,0.01,3,4.77,-2.1,4.12,0.57,,4.7,4.3,5.4,4,3.58,,3.7,3.1,4.6,2.5,1,,-2.47,3.74,3.16,2.9461320755,17,17,24
New Orleans,Carolina,-3,-1.66,3.72,-2,3.43,1.02,4,3.15,3.24,3,0.5,0.77,1.21,2.13,1.85,2.35,-1,0.44,,0.51,12.02,6,-2,1.91,0.5,-3.66,0.62,-0.26,,-3,-5,0.3,-0.6,1.3,-0.19,0.98,-3.6,3,,,-2.93,,-3.2,1.21,0.01,0.1,4,1.45,4.9,0.48,2.09,,6.8,1.3,-2.1,4,2.26,,2.5,1.9,2.6,1.5,2.3,,-1.77,0.69,-4.33,2.3448033051,17,31,33
Philadelphia,Dallas,2,3.98,6.25,4,7.25,3.91,4,7.19,8.26,11,2.97,0.18,5.07,5.36,4.48,4.86,3,5.33,,5.58,11.71,5,2.5,6.1,1,2.55,5.5,3.76,,0,4,3.23,5,5,4.38,5.43,-1.8,6,,,1.77,,0.08,4.38,4.9,4,4,6.45,2.5,5.66,4.01,,4.9,2.3,-2.3,2,5.6,,6.7,4.3,5.6,6.5,-4.3,,1.96,4.57,3.6,2.0042983968,17,44,6
Pittsburgh,Cleveland,10.5,15.85,12.06,12,12.33,13.2,15,14.41,12.73,3,17.17,8.21,12.57,12.29,15.03,8.99,13,16.72,,16.21,13.42,18,11.5,15.77,5.5,15.63,16.22,13.75,,9,10,9.84,12.5,13,14.62,10.21,8.1,7,,,13.26,,13.16,13.16,13.5,12.9,13,15.04,22.4,13.19,11.61,,10.9,16,12.9,15,16.14,,16.2,14.3,14.3,7.5,12.3,,15.38,14.9,13.23,3.3068688854,17,31,0
San Diego,Denver,8,6.3,4.8,7,9.46,7.68,10,7.88,10.05,3,8.85,4.66,0.25,7.34,9.86,6.62,7,11.19,,11.03,12.41,12,8,9.65,3,2.62,10.34,4.9,,7.5,12,4.04,6.4,8.3,7.16,9.83,9.7,10,,,3.34,,6.11,7.16,6.8,8.6,5,10.97,16.7,5.79,6.39,,9.3,5.1,5.3,15,11.96,,12.8,7.9,10.8,3,4.5,,5.4,6.64,-1.3,3.1593979108,17,52,21
San Francisco,Washington,3,-2.23,-3.03,-2,-3.69,-0.44,3,-0.57,-3.65,-3,0.94,-0.01,-6.76,2.64,0.22,2.92,2,-3.07,,-2.51,-5.1,0.01,2,-0.95,2,-4.18,-0.26,2.27,,3,2,0.15,-0.2,-0.4,-1.26,-5.22,1.1,7,,,-4.16,,0.36,-0.01,-13.6,-0.1,-1,0.23,-2.1,1.14,-1.09,,1.2,-0.1,-1.4,-5,-0.87,,0.01,2.8,2.7,-1,1.6,,0.59,0.01,2.46,3.3834081038,17,27,24
Tampa Bay,Oakland,12.5,14.35,9.03,12,15.2,12.36,9,13.89,14.37,4,10.58,16.31,10.76,11.1,8.07,8.97,12,13.71,,13.97,10.89,12,12.5,15.23,11.5,12.42,16.62,12.42,,13.5,8,8.39,14.2,11.4,12.37,12.75,13.3,17,,,7.75,,13.9,12.37,18.5,9.2,13,14.36,9.6,12.32,11.57,,12.5,11.1,15.3,7,13.63,,16,11.4,12.8,13.5,7.7,,7.71,10.8,10.68,2.6072053395,17,24,31
Arizona,Atlanta,-1,-1.56,3.53,-2,0.17,-0.87,-2,-4.58,-0.94,6,-0.76,-6.23,-0.56,0.38,-4.51,0.76,-1,-2.48,,-2.51,-0.6,-5,-1,-1.42,3.5,-1.17,-1.97,-1.08,,-2.5,-3,1.34,-0.4,-0.8,-1.15,3.8,-3,4,,,-1.15,,5.8,-1.12,-5.4,-2.7,2,-1.45,-6.5,-0.35,-1.82,,8.7,0.5,1.7,-3,,,-3.6,-2,0.9,-0.5,2.7,,-0.71,-2.65,2.35,3.128220347,18,30,24
Miami,Baltimore,-3.5,-4.07,-4.64,-3,-6.59,-4.42,-5,-12.36,-9.07,-7,-7.66,-7.06,-3.5,-1.79,-6.02,-0.32,-2,-7.95,,-8.2,-12.03,-10,-3.5,-5.06,0.01,-1.51,-6.65,-3.47,,-3,3,0.08,-5.1,-4.2,-3.3,-3.18,-4.6,-7,,,-2.63,,1.06,-4.62,-18.6,-1.9,-1,-4.76,-10.7,-7.45,-6.65,,0.9,-0.4,-6.3,-5,,,-9.4,0.8,-3.2,-0.5,0.4,,0.25,-6.06,-1.6,3.9978714475,18,9,27
Minnesota,Philadelphia,-3,2.13,0.31,1,1.93,0.1,1,2.69,-0.29,-6,-1.27,-0.15,-0.03,-0.11,-0.41,0.35,-2,-1.26,,-1,3.68,-2,-2,0.66,2,3.58,0.25,2.06,,-2.5,-2,2.83,0.2,0.7,2.02,-1.59,-0.9,-3,,,1.67,,0.82,-0.01,-3.4,2.2,0.01,-1.1,-4.9,1.09,-0.13,,5.3,2.3,-5.2,-2,,,-1.8,-1.3,0.1,1,-1.9,,3.77,3.23,4.28,2.0657893683,18,14,26
San Diego,Indianapolis,-2.5,-3.69,2.15,-3,-0.84,-0.14,1,0.21,-0.32,7,2.61,1.81,-4.33,3,-0.28,2.95,1,-0.18,,0.18,6.89,1,-2,0.4,0.5,-6.27,-1.1,-0.79,,1,1,-0.65,1.8,0.6,-1.82,2.5,1.1,-6,,,-5.31,,-7.47,0.45,-10.9,0.01,1,3.01,2.1,-0.09,2.67,,4.6,0.6,-3.3,-1,,,0.4,4.2,3.7,6,3.8,,-5.52,-2.65,-6.63,3.0794464948,18,23,17
Carolina,Arizona,9.5,7.94,7.42,10,12.96,9.07,9,10.95,14.56,9,6.96,13.76,12.96,6.23,10.21,5.78,10,8.43,,6.8,17.39,12,9.5,9.34,2,7.02,8.84,10.46,,9.5,,5.97,6,6.9,9.23,7.76,10,7,,,5.76,13.45,12.35,8.7,6.3,7.4,8,8.8,17.8,6.49,11.31,,5.9,6.2,9.7,10,,,11.1,8.2,8.7,,8.4,,4.59,7.77,6.88,3.0562558793,19,13,33
N.Y. Giants,Philadelphia,4,4.26,3.57,5,3.85,3.08,1,-0.05,8.03,13,0.45,5.55,8.86,3.11,1.85,3.29,3,2.45,,-0.24,7.17,1,4,4.17,3.5,5.86,2.32,1.78,,5,,4.68,2.8,3.6,4.11,3.55,-2.5,7,,,4.39,-0.34,-3.29,3.5,0.1,3.4,2,3.17,-4.8,3.91,5.58,,3.7,4.8,6.1,9,,,3.5,0.6,3.7,,0.7,,0.17,0.06,5.18,2.6209974322,19,11,23
Pittsburgh,San Diego,6.5,9.94,7.34,9,8.58,7.11,6,3.89,9.31,3,5.14,5.01,9.02,5.53,4.06,4.85,7,8.23,,11.82,11.93,6,6.5,8.99,2,11.05,8.74,7.26,,6,,7.39,5.9,7.2,9,5.01,3.8,2,,,8.67,4.21,3.27,7,14,7.9,12,6.31,3.4,10.84,10.17,,8.3,6.3,5.3,6,,,7.7,5.3,6.1,,5.3,,5.09,4.49,12.35,2.6883381749,19,35,24
Tennessee,Baltimore,3,1.86,-0.81,3,3.71,1.68,-1,1.07,-0.07,-3,-1.42,1.18,4.24,3.16,-1.01,3.42,3,0.51,,3.74,-0.38,-2,3,2.28,2.5,2.97,0.71,2.06,,2.5,,3.86,1.2,1.2,2.97,6.56,0.7,6,,,3.14,-2.05,3.54,2.28,-6.6,-0.1,3,1.55,-6.8,3.4,3.32,,5.6,4.3,-0.9,3,,,1.7,2.8,2.3,,5.7,,0.59,0.83,5.02,2.8834491444,19,10,13
